-- MySQL dump 10.13  Distrib 5.6.17, for Win64 (x86_64)
--
-- Host: master.ce9rafewpcp6.us-west-2.rds.amazonaws.com    Database: prueba_umaic
-- ------------------------------------------------------
-- Server version	5.6.27-log

/*!40101 SET @OLD_CHARACTER_SET_CLIENT=@@CHARACTER_SET_CLIENT */;
/*!40101 SET @OLD_CHARACTER_SET_RESULTS=@@CHARACTER_SET_RESULTS */;
/*!40101 SET @OLD_COLLATION_CONNECTION=@@COLLATION_CONNECTION */;
/*!40101 SET NAMES utf8 */;
/*!40103 SET @OLD_TIME_ZONE=@@TIME_ZONE */;
/*!40103 SET TIME_ZONE='+00:00' */;
/*!40014 SET @OLD_UNIQUE_CHECKS=@@UNIQUE_CHECKS, UNIQUE_CHECKS=0 */;
/*!40014 SET @OLD_FOREIGN_KEY_CHECKS=@@FOREIGN_KEY_CHECKS, FOREIGN_KEY_CHECKS=0 */;
/*!40101 SET @OLD_SQL_MODE=@@SQL_MODE, SQL_MODE='NO_AUTO_VALUE_ON_ZERO' */;
/*!40111 SET @OLD_SQL_NOTES=@@SQL_NOTES, SQL_NOTES=0 */;

--
-- Table structure for table `beneficiarios`
--

DROP TABLE IF EXISTS `beneficiarios`;
/*!40101 SET @saved_cs_client     = @@character_set_client */;
/*!40101 SET character_set_client = utf8 */;
CREATE TABLE `beneficiarios` (
  `ben_id` int(11) NOT NULL AUTO_INCREMENT COMMENT 'Podria incluirse estos campos en la tabla proyecto y evitarse esta tabla, siempre y cuando no tenga mas campos que se comporten independiente.\n',
  `pro_id` int(11) NOT NULL,
  `ben_total` int(11) NOT NULL DEFAULT '0',
  `ben_hombres` int(11) NOT NULL DEFAULT '0',
  `ben_mujeres` int(11) NOT NULL DEFAULT '0',
  `ben_fecha` timestamp NOT NULL DEFAULT CURRENT_TIMESTAMP,
  PRIMARY KEY (`ben_id`),
  KEY `fk_beneficiarios_proyecto1_idx` (`pro_id`),
  CONSTRAINT `fk_beneficiarios_proyecto1` FOREIGN KEY (`pro_id`) REFERENCES `proyecto` (`pro_id`) ON DELETE NO ACTION ON UPDATE NO ACTION
) ENGINE=InnoDB AUTO_INCREMENT=268 DEFAULT CHARSET=latin1;
/*!40101 SET character_set_client = @saved_cs_client */;

--
-- Dumping data for table `beneficiarios`
--

LOCK TABLES `beneficiarios` WRITE;
/*!40000 ALTER TABLE `beneficiarios` DISABLE KEYS */;
INSERT INTO `beneficiarios` VALUES (1,2,830,144,176,'2016-07-31 03:54:15'),(2,3,670,147,178,'2016-07-31 03:54:20'),(3,4,1500,0,0,'2016-07-31 03:54:25'),(4,5,3288,0,0,'2016-07-31 03:54:29'),(5,6,1800,0,0,'2016-07-31 03:54:33'),(6,7,1000,487,513,'2016-07-31 03:54:37'),(7,8,2,0,2,'2016-07-31 03:54:41'),(8,9,33,18,15,'2016-07-31 03:54:47'),(9,10,375,197,178,'2016-07-31 03:54:52'),(10,11,5,3,2,'2016-07-31 03:54:56'),(11,12,43,28,15,'2016-07-31 03:54:59'),(12,13,484,236,248,'2016-07-31 03:55:02'),(13,14,57,22,35,'2016-07-31 03:55:07'),(14,15,1000,493,507,'2016-07-31 03:55:09'),(15,16,7,5,2,'2016-07-31 03:55:13'),(16,17,370,179,191,'2016-07-31 03:55:15'),(17,18,3,2,1,'2016-07-31 03:55:18'),(18,19,6,3,3,'2016-07-31 03:55:21'),(19,20,614,315,299,'2016-07-31 03:55:23'),(20,21,3,1,2,'2016-07-31 03:55:25'),(21,22,266,133,133,'2016-07-31 03:55:27'),(22,23,2,1,1,'2016-07-31 03:55:32'),(23,24,47,15,32,'2016-07-31 03:55:37'),(24,25,1046,499,547,'2016-07-31 03:55:41'),(25,26,96,43,53,'2016-07-31 03:55:44'),(26,27,1903,838,1065,'2016-07-31 03:55:48'),(27,28,658,658,0,'2016-07-31 03:55:51'),(28,29,15,5,10,'2016-07-31 03:55:53'),(29,30,127,127,0,'2016-07-31 03:56:01'),(30,31,4,3,1,'2016-07-31 03:56:04'),(31,32,612,291,321,'2016-07-31 03:56:12'),(32,33,319,155,164,'2016-07-31 03:56:21'),(33,34,7,4,3,'2016-07-31 03:56:31'),(34,35,267,118,149,'2016-07-31 03:56:51'),(35,36,51,25,26,'2016-07-31 03:57:00'),(36,37,70,38,32,'2016-07-31 03:57:05'),(37,38,513,246,267,'2016-07-31 03:57:08'),(38,39,2,1,1,'2016-07-31 03:57:12'),(39,40,3,1,2,'2016-07-31 03:57:15'),(40,41,362,143,219,'2016-07-31 03:57:19'),(41,42,7,2,5,'2016-07-31 03:57:22'),(42,43,17,6,11,'2016-07-31 03:57:24'),(43,44,3,1,2,'2016-07-31 03:57:28'),(44,45,7,1,6,'2016-07-31 03:57:32'),(45,46,603,212,391,'2016-07-31 03:57:35'),(46,47,1003,468,535,'2016-07-31 03:57:40'),(47,48,5,2,3,'2016-07-31 03:57:44'),(48,49,496,240,256,'2016-07-31 03:57:48'),(49,50,238,238,0,'2016-07-31 03:57:51'),(50,51,767,763,4,'2016-07-31 03:57:54'),(51,52,558,320,238,'2016-07-31 03:57:57'),(52,53,600,345,255,'2016-07-31 03:57:59'),(53,54,957,461,496,'2016-07-31 03:58:01'),(54,55,499,271,228,'2016-07-31 03:58:03'),(55,56,401,201,200,'2016-07-31 03:58:04'),(56,57,150,75,75,'2016-07-31 03:58:06'),(57,58,350,192,158,'2016-07-31 03:58:08'),(58,59,547,206,341,'2016-07-31 03:58:09'),(59,60,63,23,40,'2016-07-31 03:58:11'),(60,61,404,153,251,'2016-07-31 03:58:13'),(61,62,562,212,350,'2016-07-31 03:58:15'),(62,63,12,6,6,'2016-07-31 03:58:16'),(63,64,551,184,367,'2016-07-31 03:58:19'),(64,65,552,286,266,'2016-07-31 03:58:21'),(65,66,447,242,205,'2016-07-31 03:58:23'),(66,67,6231,3297,2934,'2016-07-31 03:58:25'),(67,68,7,1,6,'2016-07-31 03:58:28'),(68,69,5796,3122,2674,'2016-07-31 03:58:31'),(69,70,998,510,488,'2016-07-31 03:58:33'),(70,71,12,6,6,'2016-07-31 03:58:35'),(71,72,7,3,4,'2016-07-31 03:58:37'),(72,73,1680,857,823,'2016-07-31 03:58:39'),(73,74,2,0,2,'2016-07-31 03:58:41'),(74,75,10,3,7,'2016-07-31 03:58:43'),(75,76,890,464,426,'2016-07-31 03:58:45'),(76,77,2019,1070,949,'2016-07-31 03:58:47'),(77,78,135,70,65,'2016-07-31 03:58:49'),(78,79,150,78,72,'2016-07-31 03:58:51'),(79,80,29,11,18,'2016-07-31 03:58:53'),(80,81,5,2,3,'2016-07-31 03:58:56'),(81,82,938,485,453,'2016-07-31 03:58:58'),(82,83,8,4,4,'2016-07-31 03:59:00'),(83,84,1000,503,497,'2016-07-31 03:59:02'),(84,85,1001,516,485,'2016-07-31 03:59:04'),(85,86,150,66,84,'2016-07-31 03:59:07'),(86,87,1513,804,709,'2016-07-31 03:59:09'),(87,88,315,137,178,'2016-07-31 03:59:10'),(88,89,4,2,2,'2016-07-31 03:59:12'),(89,90,24,12,12,'2016-07-31 03:59:14'),(90,91,965,534,431,'2016-07-31 03:59:15'),(91,92,735,354,381,'2016-07-31 03:59:18'),(92,93,1000,448,552,'2016-07-31 03:59:21'),(93,94,14,6,8,'2016-07-31 03:59:24'),(94,95,982,526,456,'2016-07-31 03:59:28'),(95,96,1001,490,511,'2016-07-31 03:59:30'),(96,97,347,178,169,'2016-07-31 03:59:32'),(97,98,564,303,261,'2016-07-31 03:59:33'),(98,99,5,3,2,'2016-07-31 03:59:35'),(99,100,2,2,0,'2016-07-31 03:59:37'),(100,101,13,5,8,'2016-07-31 03:59:38'),(101,102,10,7,3,'2016-07-31 03:59:41'),(102,103,3,1,2,'2016-07-31 03:59:43'),(103,104,16,9,7,'2016-07-31 03:59:45'),(104,105,33,19,14,'2016-07-31 03:59:47'),(105,106,7,3,4,'2016-07-31 03:59:49'),(106,107,654,339,315,'2016-07-31 03:59:52'),(107,108,107,54,53,'2016-07-31 03:59:54'),(108,109,325,156,169,'2016-07-31 03:59:56'),(109,110,5,1,4,'2016-07-31 04:00:01'),(110,111,3,1,2,'2016-07-31 04:00:04'),(111,112,10,5,5,'2016-07-31 04:00:06'),(112,113,117,63,54,'2016-07-31 04:00:09'),(113,114,71,36,35,'2016-07-31 04:00:14'),(114,115,3,2,1,'2016-07-31 04:00:19'),(115,116,1105,499,606,'2016-07-31 04:00:21'),(116,117,5,1,4,'2016-07-31 04:00:24'),(117,118,38,18,20,'2016-07-31 04:00:27'),(118,119,234,113,121,'2016-07-31 04:00:29'),(119,120,69,31,38,'2016-07-31 04:00:33'),(120,121,1285,609,676,'2016-07-31 04:00:38'),(121,122,31,12,19,'2016-07-31 04:00:41'),(122,123,1184,540,644,'2016-07-31 04:00:47'),(123,124,510,241,269,'2016-07-31 04:00:51'),(124,125,272,134,138,'2016-07-31 04:00:52'),(125,126,213,96,117,'2016-07-31 04:00:54'),(126,127,110,59,51,'2016-07-31 04:00:56'),(127,128,4,0,4,'2016-07-31 04:00:58'),(128,129,12,5,7,'2016-07-31 04:01:00'),(129,130,87,45,42,'2016-07-31 04:01:01'),(130,131,9,5,4,'2016-07-31 04:01:03'),(131,132,4,1,3,'2016-07-31 04:01:05'),(132,133,880,434,446,'2016-07-31 04:01:07'),(133,134,63,29,34,'2016-07-31 04:01:09'),(134,135,173,78,95,'2016-07-31 04:01:11'),(135,136,37,21,16,'2016-07-31 04:01:13'),(136,137,220,141,79,'2016-07-31 04:01:15'),(137,138,28,17,11,'2016-07-31 04:01:17'),(138,139,4,1,3,'2016-07-31 04:01:19'),(139,140,8,2,6,'2016-07-31 04:01:21'),(140,141,2157,1037,1120,'2016-07-31 04:01:23'),(141,142,15,8,7,'2016-07-31 04:01:25'),(142,143,936,432,504,'2016-07-31 04:01:27'),(143,144,1144,581,563,'2016-07-31 04:01:29'),(144,145,1230,634,596,'2016-07-31 04:01:30'),(145,146,995,389,606,'2016-07-31 04:01:33'),(146,147,6,3,3,'2016-07-31 04:01:34'),(147,148,512,254,258,'2016-07-31 04:01:37'),(148,149,908,458,450,'2016-07-31 04:01:39'),(149,150,1015,483,532,'2016-07-31 04:01:41'),(150,151,496,254,242,'2016-07-31 04:01:43'),(151,152,456,224,232,'2016-07-31 04:01:45'),(152,153,1148,550,598,'2016-07-31 04:01:47'),(153,154,266,124,142,'2016-07-31 04:01:50'),(154,155,569,262,307,'2016-07-31 04:01:51'),(155,156,863,422,441,'2016-07-31 04:01:53'),(156,157,381,185,196,'2016-07-31 04:01:55'),(157,158,281,152,129,'2016-07-31 04:01:57'),(158,159,600,321,279,'2016-07-31 04:02:00'),(159,160,499,269,230,'2016-07-31 04:02:02'),(160,161,210,92,118,'2016-07-31 04:02:04'),(161,162,1015,556,459,'2016-07-31 04:02:06'),(162,163,2800,1349,1451,'2016-07-31 04:02:08'),(163,164,1095,536,559,'2016-07-31 04:02:11'),(164,165,1358,644,714,'2016-07-31 04:02:13'),(165,166,1216,606,610,'2016-07-31 04:02:15'),(166,167,435,217,218,'2016-07-31 04:02:17'),(167,168,619,288,331,'2016-07-31 04:02:19'),(168,169,1479,722,757,'2016-07-31 04:02:22'),(169,170,399,180,219,'2016-07-31 04:02:25'),(170,171,2486,983,1503,'2016-07-31 04:02:28'),(171,172,700,340,360,'2016-07-31 04:02:31'),(172,173,8,4,4,'2016-07-31 04:02:34'),(173,174,10,7,3,'2016-07-31 04:02:36'),(174,175,1982,814,1168,'2016-07-31 04:02:39'),(175,176,1,0,1,'2016-07-31 04:02:41'),(176,177,1,0,1,'2016-07-31 04:02:44'),(177,178,4,2,2,'2016-07-31 04:02:46'),(178,179,18,3,15,'2016-07-31 04:02:48'),(179,180,274,111,163,'2016-07-31 04:02:50'),(180,181,400,210,190,'2016-07-31 04:02:52'),(181,182,111,57,54,'2016-07-31 04:02:55'),(182,183,14,9,5,'2016-07-31 04:02:57'),(183,184,688,360,328,'2016-07-31 04:02:58'),(184,185,798,397,401,'2016-07-31 04:03:00'),(185,186,376,130,246,'2016-07-31 04:03:02'),(186,187,1024,365,659,'2016-07-31 04:03:04'),(187,188,495,206,289,'2016-07-31 04:03:06'),(188,189,39,19,20,'2016-07-31 04:03:08'),(189,190,761,353,408,'2016-07-31 04:03:10'),(190,191,301,127,174,'2016-07-31 04:03:12'),(191,192,8,5,3,'2016-07-31 04:03:14'),(192,193,292,136,156,'2016-07-31 04:03:16'),(193,194,5,0,5,'2016-07-31 04:03:18'),(194,195,280,129,151,'2016-07-31 04:03:21'),(195,196,1980,0,0,'2016-07-31 04:03:23'),(196,197,1720,0,0,'2016-07-31 04:03:25'),(197,198,2323,1267,1056,'2016-07-31 04:03:27'),(198,199,3994,1842,2152,'2016-07-31 04:03:29'),(199,200,2999,1316,1683,'2016-07-31 04:03:32'),(200,201,3520,0,0,'2016-07-31 04:03:34'),(201,202,1027,0,0,'2016-07-31 04:03:36'),(202,203,160,0,0,'2016-07-31 04:03:38'),(203,204,200,0,0,'2016-07-31 04:03:40'),(204,205,2940,0,0,'2016-07-31 04:03:42'),(205,206,220,0,0,'2016-07-31 04:03:51'),(206,207,1330,0,0,'2016-07-31 04:03:54'),(207,208,0,0,0,'2016-07-31 04:03:56'),(208,209,2060,0,0,'2016-07-31 04:03:58'),(209,210,6045,0,0,'2016-07-31 04:04:00'),(210,211,890,0,0,'2016-07-31 04:04:04'),(211,212,74000,0,0,'2016-07-31 04:04:06'),(212,213,47502,0,0,'2016-07-31 04:04:09'),(213,214,11000,0,0,'2016-07-31 04:04:11'),(214,215,4369,0,0,'2016-07-31 04:04:13'),(215,216,2652,1272,1380,'2016-07-31 04:04:18'),(216,217,6730,0,0,'2016-07-31 04:04:21'),(217,218,6413,3079,334,'2016-07-31 04:04:23'),(218,219,2000,0,0,'2016-07-31 04:04:26'),(219,220,737,0,0,'2016-07-31 04:04:28'),(220,221,7000,0,0,'2016-07-31 04:04:30'),(221,222,2000,0,0,'2016-07-31 04:04:33'),(222,223,2360,0,0,'2016-07-31 04:04:35'),(223,224,9132,0,0,'2016-07-31 04:04:37'),(224,225,1500,0,0,'2016-07-31 04:04:39'),(225,226,0,0,0,'2016-07-31 04:04:42'),(226,227,3155,0,0,'2016-07-31 04:04:44'),(227,228,9,0,0,'2016-07-31 04:04:46'),(228,229,83647,0,0,'2016-07-31 04:04:48'),(229,230,3790,0,0,'2016-07-31 04:05:12'),(230,231,2500,0,0,'2016-07-31 04:05:20'),(231,232,1000,0,0,'2016-07-31 04:05:22'),(232,233,24045,11819,12226,'2016-07-31 04:05:24'),(233,234,15000,7350,7650,'2016-07-31 04:05:28'),(234,235,12950,6453,6496,'2016-07-31 04:05:30'),(235,236,4275,2042,0,'2016-07-31 04:05:33'),(236,237,978,0,0,'2016-07-31 04:05:35'),(237,238,5,0,0,'2016-07-31 04:05:41'),(238,239,14091,6700,7391,'2016-07-31 04:05:45'),(239,240,19448,9530,9918,'2016-07-31 04:05:48'),(240,241,2200,1075,1125,'2016-07-31 04:05:54'),(241,242,5491,1789,3662,'2016-07-31 04:06:03'),(242,243,4000,1800,0,'2016-07-31 04:06:09'),(243,244,1010,500,510,'2016-07-31 04:06:14'),(244,245,16780,8222,8558,'2016-07-31 04:06:17'),(245,246,2000,1000,1000,'2016-07-31 04:06:25'),(246,247,1000,0,0,'2016-07-31 04:06:33'),(247,248,0,0,0,'2016-07-31 04:06:39'),(248,249,12000,6235,0,'2016-07-31 04:06:44'),(249,250,0,0,0,'2016-07-31 04:06:48'),(250,251,0,0,0,'2016-07-31 04:06:52'),(251,252,58,0,0,'2016-07-31 04:06:53'),(252,253,0,0,0,'2016-07-31 04:06:56'),(253,254,0,0,0,'2016-07-31 04:06:59'),(254,255,107000,0,0,'2016-07-31 04:07:02'),(255,256,8000,0,0,'2016-07-31 04:07:04'),(256,257,2520,1260,1260,'2016-07-31 04:07:09'),(257,258,0,0,0,'2016-07-31 04:07:11'),(258,259,4252,2224,2028,'2016-07-31 04:07:13'),(259,260,4846,0,0,'2016-07-31 04:07:15'),(260,261,6413,3078,3335,'2016-07-31 04:07:20'),(261,262,789,0,0,'2016-07-31 04:07:26'),(262,263,4000,0,0,'2016-07-31 04:07:29'),(263,264,6000,0,0,'2016-07-31 04:07:33'),(264,265,400,0,0,'2016-07-31 04:07:36'),(265,266,25082,12544,12538,'2016-07-31 04:07:41'),(266,267,12000,5760,6240,'2016-07-31 04:07:45'),(267,268,0,6070,0,'2016-07-31 04:07:48');
/*!40000 ALTER TABLE `beneficiarios` ENABLE KEYS */;
UNLOCK TABLES;

--
-- Table structure for table `geo_departamentos`
--

DROP TABLE IF EXISTS `geo_departamentos`;
/*!40101 SET @saved_cs_client     = @@character_set_client */;
/*!40101 SET character_set_client = utf8 */;
CREATE TABLE `geo_departamentos` (
  `dep_nombre` varchar(200) DEFAULT NULL,
  `dep_dane` varchar(10) NOT NULL,
  PRIMARY KEY (`dep_dane`)
) ENGINE=InnoDB DEFAULT CHARSET=latin1;
/*!40101 SET character_set_client = @saved_cs_client */;

--
-- Dumping data for table `geo_departamentos`
--

LOCK TABLES `geo_departamentos` WRITE;
/*!40000 ALTER TABLE `geo_departamentos` DISABLE KEYS */;
INSERT INTO `geo_departamentos` VALUES ('Nacional','01'),('Antioquia','05'),('Atlántico','08'),('Bogotá D.C.','11'),('Bolivar','13'),('Boyacá','15'),('Caldas','17'),('Caquetá','18'),('Cauca','19'),('Cesar','20'),('Córdoba','23'),('Cundinamarca','25'),('Chocó','27'),('Huila','41'),('La Guajira','44'),('Magdalena','47'),('Meta','50'),('Nariño','52'),('Norte de Santander','54'),('Quindío','63'),('Risaralda','66'),('Santander','68'),('Sucre','70'),('Tolima','73'),('Valle del Cauca','76'),('Arauca','81'),('Casanare','85'),('Putumayo','86'),('Amazonas','91'),('Guainía','94'),('Guaviare','95'),('Vaupés','97'),('Vichada','99');
/*!40000 ALTER TABLE `geo_departamentos` ENABLE KEYS */;
UNLOCK TABLES;

--
-- Table structure for table `geo_departamentos_x_proyecto`
--

DROP TABLE IF EXISTS `geo_departamentos_x_proyecto`;
/*!40101 SET @saved_cs_client     = @@character_set_client */;
/*!40101 SET character_set_client = utf8 */;
CREATE TABLE `geo_departamentos_x_proyecto` (
  `dep_dane` varchar(10) NOT NULL,
  `pro_id` int(11) NOT NULL,
  `pro_codigo` varchar(200) NOT NULL DEFAULT '',
  PRIMARY KEY (`dep_dane`,`pro_id`),
  KEY `fk_geo_departamentos_has_proyecto_proyecto1_idx` (`pro_id`),
  KEY `fk_geo_departamentos_has_proyecto_geo_departamentos1_idx` (`dep_dane`),
  CONSTRAINT `fk_geo_departamentos_has_proyecto_geo_departamentos1` FOREIGN KEY (`dep_dane`) REFERENCES `geo_departamentos` (`dep_dane`) ON DELETE NO ACTION ON UPDATE NO ACTION,
  CONSTRAINT `fk_geo_departamentos_has_proyecto_proyecto1` FOREIGN KEY (`pro_id`) REFERENCES `proyecto` (`pro_id`) ON DELETE NO ACTION ON UPDATE NO ACTION
) ENGINE=InnoDB DEFAULT CHARSET=latin1;
/*!40101 SET character_set_client = @saved_cs_client */;

--
-- Dumping data for table `geo_departamentos_x_proyecto`
--

LOCK TABLES `geo_departamentos_x_proyecto` WRITE;
/*!40000 ALTER TABLE `geo_departamentos_x_proyecto` DISABLE KEYS */;
INSERT INTO `geo_departamentos_x_proyecto` VALUES ('01',229,'CS.0694'),('05',7,'200708 - 1'),('05',8,'200708 - 2'),('05',9,'200708 - 3'),('05',10,'200708 - 4'),('05',11,'200708 - 5'),('05',12,'200708 - 6'),('05',13,'200708 - 7'),('05',14,'200708 - 8'),('05',15,'200708 - 9'),('05',16,'200708 - 10'),('05',17,'200708 - 11'),('05',18,'200708 - 12'),('05',19,'200708 - 13'),('05',20,'200708 - 14'),('05',211,'7F- 07856.02'),('05',229,'CS.0694'),('05',230,'DCV 226-012/2014'),('05',247,'72781 - 2015'),('08',206,'RT.1139'),('08',229,'CS.0694'),('08',230,'DCV 226-012/2014'),('11',228,'RP.0074'),('11',260,'K-COL-2013-4190'),('13',229,'CS.0694'),('15',205,'CS.0721'),('15',229,'CS.0694'),('15',230,'DCV 226-012/2014'),('17',229,'CS.0694'),('18',2,'COL-15/DDA-3418/SA/SAN-WASH-Pr/INGO/2095'),('18',3,'COL-15/DDA-3418/SA/WASH-SAN-Pr/INGO/2097'),('18',21,'200708 - 15'),('18',22,'200708 - 16'),('18',23,'200708 - 17'),('18',24,'200708 - 18'),('18',25,'200708 - 19'),('18',26,'200708 - 20'),('18',27,'200708 - 21'),('18',28,'200708 - 22'),('18',29,'200708 - 23'),('18',30,'200708 - 24'),('18',31,'200708 - 25'),('18',32,'200708 - 26'),('18',33,'200708 - 27'),('18',34,'200708 - 28'),('18',35,'200708 - 29'),('18',36,'200708 - 30'),('18',37,'200708 - 31'),('18',38,'200708 - 32'),('18',207,'1.41818E+11'),('18',208,'DK-Temp-01-2015'),('18',215,'ECHO/Prov/HAI/2015/01'),('18',229,'CS.0694'),('18',265,'PNUD201522'),('19',39,'200708 - 33'),('19',40,'200708 - 34'),('19',41,'200708 - 35'),('19',42,'200708 - 36'),('19',43,'200708 - 37'),('19',44,'200708 - 38'),('19',45,'200708 - 39'),('19',46,'200708 - 40'),('19',47,'200708 - 41'),('19',48,'200708 - 42'),('19',49,'200708 - 43'),('19',50,'200708 - 44'),('19',51,'200708 - 45'),('19',52,'200708 - 46'),('19',53,'200708 - 47'),('19',54,'200708 - 48'),('19',55,'200708 - 49'),('19',56,'200708 - 50'),('19',57,'200708 - 51'),('19',58,'200708 - 52'),('19',59,'200708 - 53'),('19',60,'200708 - 54'),('19',61,'200708 - 55'),('19',62,'200708 - 56'),('19',63,'200708 - 57'),('19',64,'200708 - 58'),('19',65,'200708 - 59'),('19',66,'200708 - 60'),('19',210,'DCV-Temp-02-2015'),('19',212,'7F-09231.01.01'),('19',223,'72400116'),('19',229,'CS.0694'),('19',233,'14-CO1-633'),('19',237,'HI-2015-7'),('19',240,'COFL1501'),('19',241,'COFE1504'),('19',242,'COFY1502'),('19',243,'COFE1505'),('19',244,'COFL1511'),('19',245,'COFL1505'),('19',256,'82601186'),('19',265,'PNUD201522'),('19',266,'7F-04979.06'),('19',267,'COFE1303'),('20',229,'CS.0694'),('23',73,'200708 - 70'),('23',74,'200708 - 71'),('23',75,'200708 - 72'),('23',76,'200708 - 73'),('23',77,'200708 - 74'),('23',78,'200708 - 75'),('23',79,'200708 - 76'),('23',80,'200708 - 78'),('23',81,'200708 - 79'),('23',82,'200708 - 80'),('23',83,'200708 - 81'),('23',84,'200708 - 82'),('23',85,'200708 - 83'),('23',86,'200708 - 84'),('23',87,'200708 - 85'),('23',88,'200708 - 86'),('23',89,'200708 - 88'),('23',90,'200708 - 89'),('23',91,'200708 - 90'),('23',92,'200708 - 91'),('23',93,'200708 - 92'),('23',94,'200708 - 94'),('23',95,'200708 - 95'),('23',96,'200708 - 96'),('23',97,'200708 - 97'),('23',98,'200708 - 98'),('23',218,'7F-08497.02'),('23',219,'COD5AK'),('23',221,'TdH-2015-1'),('23',229,'CS.0694'),('23',230,'DCV 226-012/2014'),('23',235,'COF7AB'),('23',261,'K-COL-2014-4122'),('25',229,'CS.0694'),('25',230,'DCV 226-012/2014'),('25',260,'K-COL-2013-4190'),('25',262,'UTF/COL/058/COL'),('27',67,'200708 - 62'),('27',68,'200708 - 64'),('27',69,'200708 - 65'),('27',70,'200708 - 66'),('27',71,'200708 - 68'),('27',72,'200708 - 69'),('27',205,'CS.0721'),('27',213,'7F-COSUDE.2015'),('27',226,'CS.0562'),('27',227,'CS.0641'),('27',229,'CS.0694'),('27',230,'DCV 226-012/2014'),('27',231,'OSRO/COL/502/EC'),('27',232,'CC7502'),('27',236,'4619-27'),('27',245,'COFL1505'),('41',225,'CRC-03'),('41',229,'CS.0694'),('41',264,'PNUD201521'),('44',4,'UTF/COL/071/COL'),('44',6,'P.226-006/2015'),('44',99,'200708 - 99'),('44',100,'200708 - 100'),('44',101,'200708 - 101'),('44',102,'200708 - 102'),('44',103,'200708 - 103'),('44',104,'200708 - 105'),('44',105,'200708 - 106'),('44',106,'200708 - 107'),('44',107,'200708 - 108'),('44',108,'200708 - 109'),('44',109,'200708 - 110'),('44',110,'200708 - 111'),('44',111,'200708 - 112'),('44',112,'200708 - 113'),('44',113,'200708 - 114'),('44',114,'200708 - 115'),('44',115,'200708 - 116'),('44',116,'200708 - 118'),('44',117,'200708 - 119'),('44',118,'200708 - 120'),('44',119,'200708 - 122'),('44',120,'200708 - 123'),('44',121,'200708 - 124'),('44',122,'200708 - 125'),('44',123,'200708 - 126'),('44',124,'200708 - 127'),('44',125,'200708 - 128'),('44',126,'200708 - 129'),('44',127,'200708 - 130'),('44',128,'200708 - 131'),('44',129,'200708 - 133'),('44',130,'200708 - 134'),('44',131,'200708 - 135'),('44',132,'200708 - 136'),('44',133,'200708 - 137'),('44',134,'200708 - 138'),('44',135,'200708 - 139'),('44',136,'200708 - 140'),('44',137,'200708 - 142'),('44',138,'200708 - 143'),('44',139,'200708 - 144'),('44',140,'200708 - 146'),('44',141,'200708 - 148'),('44',142,'200708 - 149'),('44',143,'200708 - 150'),('44',201,'COLC43'),('44',202,'COLC44'),('44',204,'RT.1130'),('44',209,'DCV 226-000/2014'),('44',222,'ECHO/-SM/BUD/2015/91016'),('44',224,'CRC-01'),('44',229,'CS.0694'),('47',209,'DCV 226-000/2014'),('47',229,'CS.0694'),('47',230,'DCV 226-012/2014'),('47',239,'COFE1501'),('47',240,'COFL1501'),('47',242,'COFY1502'),('50',203,'LM.0268'),('50',214,'MdM-Canada-01-15'),('50',229,'CS.0694'),('50',260,'K-COL-2013-4190'),('52',5,'COL-15/DDA-3418/SA/SAN/NGO/2091'),('52',144,'200708 - 152'),('52',145,'200708 - 153'),('52',146,'200708 - 154'),('52',147,'200708 - 155'),('52',148,'200708 - 156'),('52',149,'200708 - 158'),('52',150,'200708 - 159'),('52',151,'200708 - 160'),('52',152,'200708 - 164'),('52',153,'200708 - 165'),('52',154,'200708 - 166'),('52',155,'200708 - 167'),('52',156,'200708 - 168'),('52',157,'200708 - 169'),('52',158,'200708 - 170'),('52',196,'COD5AL'),('52',205,'CS.0721'),('52',210,'DCV-Temp-02-2015'),('52',215,'ECHO/Prov/HAI/2015/01'),('52',216,'ECHO/Prov/SI/2015/01'),('52',223,'72400116'),('52',229,'CS.0694'),('52',230,'DCV 226-012/2014'),('52',233,'14-CO1-633'),('52',234,'COF2AH'),('52',235,'COF7AB'),('52',237,'HI-2015-7'),('52',240,'COFL1501'),('52',241,'COFE1504'),('52',242,'COFY1502'),('52',243,'COFE1505'),('52',244,'COFL1511'),('52',245,'COFL1505'),('52',249,'ECHO/-SM/BUD/2015/91026'),('52',250,'TUMACO-05'),('52',251,'TUMACO-06'),('52',252,'TUMACO-07'),('52',253,'TUMACO-09'),('52',254,'OXFAM-TUMACO-10'),('52',255,'TUMACO-12'),('52',256,'82601186'),('52',259,'COLC38'),('52',263,'OSRO/COL/503/EC'),('52',265,'PNUD201522'),('52',266,'7F-04979.06'),('52',267,'COFE1303'),('54',159,'200708 - 171'),('54',205,'CS.0721'),('54',229,'CS.0694'),('54',238,'842377'),('54',239,'COFE1501'),('54',240,'COFL1501'),('54',241,'COFE1504'),('54',242,'COFY1502'),('54',243,'COFE1505'),('54',245,'COFL1505'),('54',248,'COLCU 9 - 2015'),('63',229,'CS.0694'),('66',229,'CS.0694'),('68',229,'CS.0694'),('70',229,'CS.0694'),('73',229,'CS.0694'),('76',170,'200708 - 182'),('76',171,'200708 - 183'),('76',172,'200708 - 184'),('76',173,'200708 - 185'),('76',174,'200708 - 186'),('76',175,'200708 - 187'),('76',176,'200708 - 188'),('76',177,'200708 - 189'),('76',178,'200708 - 190'),('76',179,'200708 - 191'),('76',180,'200708 - 192'),('76',181,'200708 - 193'),('76',182,'200708 - 194'),('76',183,'200708 - 195'),('76',184,'200708 - 196'),('76',185,'200708 - 197'),('76',186,'200708 - 198'),('76',187,'200708 - 199'),('76',188,'200708 - 200'),('76',189,'200708 - 201'),('76',190,'200708 - 202'),('76',191,'200708 - 203'),('76',192,'200708 - 204'),('76',193,'200708 - 205'),('76',194,'200708 - 206'),('76',195,'200708 - 207'),('76',212,'7F-09231.01.01'),('76',215,'ECHO/Prov/HAI/2015/01'),('76',216,'ECHO/Prov/SI/2015/01'),('76',218,'7F-08497.02'),('76',229,'CS.0694'),('76',233,'14-CO1-633'),('76',261,'K-COL-2014-4122'),('76',265,'PNUD201522'),('76',266,'7F-04979.06'),('81',198,'4620'),('81',199,'151'),('81',200,'4621'),('81',205,'CS.0721'),('81',225,'CRC-03'),('81',229,'CS.0694'),('81',245,'COFL1505'),('81',246,'15-UF-CEF-020'),('81',264,'PNUD201521'),('85',229,'CS.0694'),('86',160,'200708 - 172'),('86',161,'200708 - 173'),('86',162,'200708 - 174'),('86',163,'200708 - 175'),('86',164,'200708 - 176'),('86',165,'200708 - 177'),('86',166,'200708 - 178'),('86',167,'200708 - 179'),('86',168,'200708 - 180'),('86',169,'200708 - 181'),('86',205,'CS.0721'),('86',217,'COA1AL'),('86',220,'COJ1AA'),('86',229,'CS.0694'),('86',235,'COF7AB'),('86',245,'COFL1505'),('86',246,'15-UF-CEF-020'),('86',257,'COCA-01'),('86',258,'COCA-03'),('86',263,'OSRO/COL/503/EC'),('91',205,'CS.0721'),('91',229,'CS.0694'),('94',205,'CS.0721'),('94',229,'CS.0694'),('95',197,'K-COL-2015-4095'),('95',229,'CS.0694'),('95',249,'ECHO/-SM/BUD/2015/91026'),('97',205,'CS.0721'),('97',229,'CS.0694'),('99',205,'CS.0721'),('99',229,'CS.0694');
/*!40000 ALTER TABLE `geo_departamentos_x_proyecto` ENABLE KEYS */;
UNLOCK TABLES;

--
-- Table structure for table `info_carga`
--

DROP TABLE IF EXISTS `info_carga`;
/*!40101 SET @saved_cs_client     = @@character_set_client */;
/*!40101 SET character_set_client = utf8 */;
CREATE TABLE `info_carga` (
  `inf_car_id` int(11) NOT NULL AUTO_INCREMENT,
  `inf_car_proyectoCodigo` varchar(200) NOT NULL DEFAULT '',
  `inf_car_proyectoNombre` varchar(200) NOT NULL DEFAULT '',
  `inf_car_proyectoDescipcion` varchar(500) NOT NULL,
  `inf_car_proyectoInicio` date DEFAULT NULL,
  `inf_car_proyectoFin` date DEFAULT NULL,
  `inf_car_proyectoEstado` varchar(100) NOT NULL DEFAULT '',
  `inf_car_organizacionSigla` varchar(45) NOT NULL DEFAULT '',
  `inf_car_organizacionNombre` varchar(200) NOT NULL DEFAULT '',
  `inf_car_organizacionTipo` varchar(200) NOT NULL DEFAULT '',
  `inf_car_presupuestoMonto` double NOT NULL DEFAULT '0',
  `inf_car_presupuestoTema` varchar(200) NOT NULL DEFAULT '',
  `inf_car_beneficiariosTotal` int(11) NOT NULL DEFAULT '0',
  `inf_car_beneficiariosHombres` int(11) NOT NULL DEFAULT '0',
  `inf_car_beneficiariosMujeres` int(11) NOT NULL DEFAULT '0',
  `inf_car_departamento` varchar(200) NOT NULL DEFAULT '',
  `inf_car_fecha` timestamp NOT NULL DEFAULT CURRENT_TIMESTAMP,
  `inf_car_fuente` varchar(200) NOT NULL DEFAULT 'Formulario',
  PRIMARY KEY (`inf_car_id`)
) ENGINE=InnoDB AUTO_INCREMENT=268 DEFAULT CHARSET=latin1;
/*!40101 SET character_set_client = @saved_cs_client */;

--
-- Dumping data for table `info_carga`
--

LOCK TABLES `info_carga` WRITE;
/*!40000 ALTER TABLE `info_carga` DISABLE KEYS */;
INSERT INTO `info_carga` VALUES (1,'COL-15/DDA-3418/SA/SAN-WASH-Pr/INGO/2095','Artesanos de Vida - Artisans of life ','El proyecto se orienta a personas en situación de desplazamiento y/o receptoras afectadas por el conflicto armado, en las cabeceras municipales de los municipios de Solita y Curillo, departamento de Caquetá. La intervención se realizará a través de la labor humanitaria de Diakonie Katastrophenhilfe (DKH) - el departamento humanitario del ?Evangelisches Werk für Diakonie und Entwicklung? - (EWDE/DKH) y la ONG local Corporación Manigua Corpomanigua?. En el Caquetá el conflicto armado ha causado gr','2015-12-21','2016-12-26','En ejecución','','Diakonie Katastrophenhilfe Apoyo en Emergencias','ONG Internacional',21052707,'Seguridad Alimentaria y Nutrición (SAN)',830,144,176,'Caquetá','2016-07-31 03:54:12','ARCHIVO'),(2,'COL-15/DDA-3418/SA/WASH-SAN-Pr/INGO/2097','Humanitarian assistance for families, including older people, affected by the internal conflict in Cartagena del Chairá - Caquetá.','Este proyecto brindará atención integral a familias afectadas por desplazamiento forzado de los últimos 18 meses y que afrontan restricciones de movilidad en Cartagena del Chairá, Caquetá, en la zona urbana ?La Ciudadela Chairense? y rural cuyo centro es la vereda Bolivia y Miraflores Bajo. Atención psicosocial a través de procesos de formación grupal y acompañamiento familiar e individual en articulación con la Personería municipal y la Comisaría de familia. La formación grupal es parte de la a','2016-01-18','2016-08-30','En ejecución','HelpAge','HelpAge International','ONG Internacional',19922544,'Seguridad Alimentaria y Nutrición (SAN)',670,147,178,'Caquetá','2016-07-31 03:54:17','ARCHIVO'),(3,'UTF/COL/071/COL','Fortalecimiento de la Resiliencia del Sector Agropecuario en Colombia ','Fortalecer de las capacidades de familias de la comunidad indígena Wayúu en la Guajira, en el empleo de insumos adecuados, para la protección de sus medios de subsistencia agropecuarios','2015-11-16','2016-08-31','En ejecución','FAO','Organización de las Naciones Unidas para la Agricultura y la Alimentación','Agencia ONU',169709,'Seguridad Alimentaria y Nutrición (SAN)',1500,0,0,'La Guajira','2016-07-31 03:54:22','ARCHIVO'),(4,'COL-15/DDA-3418/SA/SAN/NGO/2091','Mejora de la Seguridad alimentaria y fortalecimiento de la capacidad de resiliencia de familias afectadas por el derrame de crudo en 21 comunidades rurales de San Andres de Tumaco','21/12/2015El proyecto busca proveer seguridad alimentaria a 818 familias (1740 mujeres/niñas y 1548 hombres/niños) de 21 comunidades de zona rural de Tumaco afectadas por el derrame de crudo en el río Mira (junio 2015) ? desglose por edad y sexo en Anexo 001- con enfoque de género y diferencial, a través de una intervención en el sector de SAN priorizado por la actualización de octubre 2015 a la evaluación MIRA de julio 2015. PLAN pretende dar respuesta de manera equitativa y sin discriminación ','2015-12-21','2016-12-20','En ejecución','Fundacion Plan','Fundacion Plan','ONG Internacional',21551483,'Seguridad Alimentaria y Nutrición (SAN)',3288,0,0,'Nariño','2016-07-31 03:54:27','ARCHIVO'),(5,'P.226-006/2015','Asistencia humanitaria de la población deportada, repatriada, expulsada y con retorno voluntario de la zona fronteriza con Venezuela en el Corregimiento de Paraguachon ? Municipio de Maicao - Departam','El proyecto tiene como fin atender personas de retorno voluntario: Individuos de ambas nacionalidades  que tienen la intención de cruzar la frontera desde Venezuela hacia Colombia, en búsqueda de una protección en el territorio Colombiano, los cuales se encuentren en estado de vulnerabilidad y requieren de ayuda humanitaria de emergencia en Colombia.','2015-12-01','2016-05-31','En ejecución','Caritas Alemania','Caritas Alemania','Agencia Cooperación',50000,'Alojamiento y ayuda no alimentaria',1800,0,0,'La Guajira','2016-07-31 03:54:31','ARCHIVO'),(6,'200708 - 1','OPERACION PROLONGADA DE SOCORRO Y RECUPERACION 200708','ALIMENTO POR ACTIVOS','2015-11-25','2016-03-25','Finalizado','PMA','Programa Mundial de Alimentos','Agencia ONU',41266,'Seguridad Alimentaria y Nutrición (SAN)',1000,487,513,'Antioquia','2016-07-31 03:54:34','ARCHIVO'),(7,'200708 - 2','OPERACION PROLONGADA DE SOCORRO Y RECUPERACION 200709','ALIMENTO POR ACTIVOS','2015-11-09','2016-02-09','Finalizado','PMA','Programa Mundial de Alimentos','Agencia ONU',50,'Seguridad Alimentaria y Nutrición (SAN)',2,0,2,'Antioquia','2016-07-31 03:54:39','ARCHIVO'),(8,'200708 - 3','OPERACION PROLONGADA DE SOCORRO Y RECUPERACION 200710','ALIMENTO POR ACTIVOS','2015-11-09','2016-03-09','Finalizado','PMA','Programa Mundial de Alimentos','Agencia ONU',830,'Seguridad Alimentaria y Nutrición (SAN)',33,18,15,'Antioquia','2016-07-31 03:54:44','ARCHIVO'),(9,'200708 - 4','OPERACION PROLONGADA DE SOCORRO Y RECUPERACION 200711','ALIMENTO POR ACTIVOS','2015-11-25','2016-03-25','Finalizado','PMA','Programa Mundial de Alimentos','Agencia ONU',63,'Seguridad Alimentaria y Nutrición (SAN)',375,197,178,'Antioquia','2016-07-31 03:54:49','ARCHIVO'),(10,'200708 - 5','OPERACION PROLONGADA DE SOCORRO Y RECUPERACION 200712','ALIMENTO POR ACTIVOS','2015-12-09','2016-01-09','Finalizado','PMA','Programa Mundial de Alimentos','Agencia ONU',126,'Seguridad Alimentaria y Nutrición (SAN)',5,3,2,'Antioquia','2016-07-31 03:54:54','ARCHIVO'),(11,'200708 - 6','OPERACION PROLONGADA DE SOCORRO Y RECUPERACION 200713','ALIMENTO POR ACTIVOS','2015-12-11','2016-03-11','Finalizado','PMA','Programa Mundial de Alimentos','Agencia ONU',1492,'Seguridad Alimentaria y Nutrición (SAN)',43,28,15,'Antioquia','2016-07-31 03:54:57','ARCHIVO'),(12,'200708 - 7','OPERACION PROLONGADA DE SOCORRO Y RECUPERACION 200714','ALIMENTO POR ACTIVOS','2015-12-11','2016-04-11','En ejecución','PMA','Programa Mundial de Alimentos','Agencia ONU',18161,'Seguridad Alimentaria y Nutrición (SAN)',484,236,248,'Antioquia','2016-07-31 03:55:00','ARCHIVO'),(13,'200708 - 8','OPERACION PROLONGADA DE SOCORRO Y RECUPERACION 200715','ALIMENTO POR ACTIVOS','2015-12-15','2016-04-15','En ejecución','PMA','Programa Mundial de Alimentos','Agencia ONU',2152,'Seguridad Alimentaria y Nutrición (SAN)',57,22,35,'Antioquia','2016-07-31 03:55:04','ARCHIVO'),(14,'200708 - 9','OPERACION PROLONGADA DE SOCORRO Y RECUPERACION 200716','ALIMENTO POR ACTIVOS','2015-11-25','2016-03-25','Finalizado','PMA','Programa Mundial de Alimentos','Agencia ONU',30623,'Seguridad Alimentaria y Nutrición (SAN)',1000,493,507,'Antioquia','2016-07-31 03:55:07','ARCHIVO'),(15,'200708 - 10','OPERACION PROLONGADA DE SOCORRO Y RECUPERACION 200717','ALIMENTO POR ACTIVOS','2015-10-26','2016-02-26','Finalizado','PMA','Programa Mundial de Alimentos','Agencia ONU',176,'Seguridad Alimentaria y Nutrición (SAN)',7,5,2,'Antioquia','2016-07-31 03:55:10','ARCHIVO'),(16,'200708 - 11','OPERACION PROLONGADA DE SOCORRO Y RECUPERACION 200718','ALIMENTO POR ACTIVOS','2015-11-25','2016-03-25','Finalizado','PMA','Programa Mundial de Alimentos','Agencia ONU',18911,'Seguridad Alimentaria y Nutrición (SAN)',370,179,191,'Antioquia','2016-07-31 03:55:14','ARCHIVO'),(17,'200708 - 12','OPERACION PROLONGADA DE SOCORRO Y RECUPERACION 200719','ALIMENTO POR ACTIVOS','2015-11-27','2016-01-27','Finalizado','PMA','Programa Mundial de Alimentos','Agencia ONU',113,'Seguridad Alimentaria y Nutrición (SAN)',3,2,1,'Antioquia','2016-07-31 03:55:16','ARCHIVO'),(18,'200708 - 13','OPERACION PROLONGADA DE SOCORRO Y RECUPERACION 200720','ALIMENTO POR ACTIVOS','2015-11-27','2016-02-27','Finalizado','PMA','Programa Mundial de Alimentos','Agencia ONU',151,'Seguridad Alimentaria y Nutrición (SAN)',6,3,3,'Antioquia','2016-07-31 03:55:20','ARCHIVO'),(19,'200708 - 14','OPERACION PROLONGADA DE SOCORRO Y RECUPERACION 200721','ALIMENTO POR ACTIVOS','2015-11-27','2016-03-27','Finalizado','PMA','Programa Mundial de Alimentos','Agencia ONU',23200,'Seguridad Alimentaria y Nutrición (SAN)',614,315,299,'Antioquia','2016-07-31 03:55:22','ARCHIVO'),(20,'200708 - 15','OPERACION PROLONGADA DE SOCORRO Y RECUPERACION 200722','SOCORRO INDIVIDUAL','2015-11-25','2016-03-25','Finalizado','PMA','Programa Mundial de Alimentos','Agencia ONU',38,'Seguridad Alimentaria y Nutrición (SAN)',3,1,2,'Caquetá','2016-07-31 03:55:24','ARCHIVO'),(21,'200708 - 16','OPERACION PROLONGADA DE SOCORRO Y RECUPERACION 200723','ALIMENTO POR ACTIVOS','2015-11-09','2016-03-08','Finalizado','PMA','Programa Mundial de Alimentos','Agencia ONU',11041,'Seguridad Alimentaria y Nutrición (SAN)',266,133,133,'Caquetá','2016-07-31 03:55:26','ARCHIVO'),(22,'200708 - 17','OPERACION PROLONGADA DE SOCORRO Y RECUPERACION 200724','ALIMENTOS POR CAPACITACION','2015-11-27','2016-02-27','Finalizado','PMA','Programa Mundial de Alimentos','Agencia ONU',50,'Seguridad Alimentaria y Nutrición (SAN)',2,1,1,'Caquetá','2016-07-31 03:55:29','ARCHIVO'),(23,'200708 - 18','OPERACION PROLONGADA DE SOCORRO Y RECUPERACION 200725','ALIMENTOS POR CAPACITACION','2015-11-27','2016-03-27','Finalizado','PMA','Programa Mundial de Alimentos','Agencia ONU',1180,'Seguridad Alimentaria y Nutrición (SAN)',47,15,32,'Caquetá','2016-07-31 03:55:34','ARCHIVO'),(24,'200708 - 19','OPERACION PROLONGADA DE SOCORRO Y RECUPERACION 200726','ALIMENTOS POR CAPACITACION','2015-12-15','2016-04-15','En ejecución','PMA','Programa Mundial de Alimentos','Agencia ONU',39036,'Seguridad Alimentaria y Nutrición (SAN)',1046,499,547,'Caquetá','2016-07-31 03:55:39','ARCHIVO'),(25,'200708 - 20','OPERACION PROLONGADA DE SOCORRO Y RECUPERACION 200727','ALIMENTOS POR CAPACITACION','2015-11-25','2016-03-25','Finalizado','PMA','Programa Mundial de Alimentos','Agencia ONU',1208,'Seguridad Alimentaria y Nutrición (SAN)',96,43,53,'Caquetá','2016-07-31 03:55:42','ARCHIVO'),(26,'200708 - 21','OPERACION PROLONGADA DE SOCORRO Y RECUPERACION 200728','ALIMENTOS POR CAPACITACION','2015-12-16','2016-04-16','En ejecución','PMA','Programa Mundial de Alimentos','Agencia ONU',37849,'Seguridad Alimentaria y Nutrición (SAN)',1903,838,1065,'Caquetá','2016-07-31 03:55:45','ARCHIVO'),(27,'200708 - 22','OPERACION PROLONGADA DE SOCORRO Y RECUPERACION 200729','SOCORRO COMUNIDADES','2015-12-15','2016-05-15','En ejecución','PMA','Programa Mundial de Alimentos','Agencia ONU',16494,'Seguridad Alimentaria y Nutrición (SAN)',658,658,0,'Caquetá','2016-07-31 03:55:49','ARCHIVO'),(28,'200708 - 23','OPERACION PROLONGADA DE SOCORRO Y RECUPERACION 200730','SOCORRO INDIVIDUAL','2015-12-15','2016-04-15','En ejecución','PMA','Programa Mundial de Alimentos','Agencia ONU',189,'Seguridad Alimentaria y Nutrición (SAN)',15,5,10,'Caquetá','2016-07-31 03:55:51','ARCHIVO'),(29,'200708 - 24','OPERACION PROLONGADA DE SOCORRO Y RECUPERACION 200731','SOCORRO INDIVIDUAL','2015-12-15','2016-05-15','En ejecución','PMA','Programa Mundial de Alimentos','Agencia ONU',3143,'Seguridad Alimentaria y Nutrición (SAN)',127,127,0,'Caquetá','2016-07-31 03:55:56','ARCHIVO'),(30,'200708 - 25','OPERACION PROLONGADA DE SOCORRO Y RECUPERACION 200732','SOCORRO INDIVIDUAL','2015-12-16','2016-04-16','En ejecución','PMA','Programa Mundial de Alimentos','Agencia ONU',50,'Seguridad Alimentaria y Nutrición (SAN)',4,3,1,'Caquetá','2016-07-31 03:56:03','ARCHIVO'),(31,'200708 - 26','OPERACION PROLONGADA DE SOCORRO Y RECUPERACION 200733','ALIMENTO POR ACTIVOS','2015-11-06','2016-03-05','Finalizado','PMA','Programa Mundial de Alimentos','Agencia ONU',16905,'Seguridad Alimentaria y Nutrición (SAN)',612,291,321,'Caquetá','2016-07-31 03:56:06','ARCHIVO'),(32,'200708 - 27','OPERACION PROLONGADA DE SOCORRO Y RECUPERACION 200734','SOCORRO COMUNIDADES','2015-10-28','2016-03-26','Finalizado','PMA','Programa Mundial de Alimentos','Agencia ONU',4423,'Seguridad Alimentaria y Nutrición (SAN)',319,155,164,'Caquetá','2016-07-31 03:56:14','ARCHIVO'),(33,'200708 - 28','OPERACION PROLONGADA DE SOCORRO Y RECUPERACION 200735','SOCORRO COMUNIDADES','2015-11-25','2016-04-25','En ejecución','PMA','Programa Mundial de Alimentos','Agencia ONU',176,'Seguridad Alimentaria y Nutrición (SAN)',7,4,3,'Caquetá','2016-07-31 03:56:24','ARCHIVO'),(34,'200708 - 29','OPERACION PROLONGADA DE SOCORRO Y RECUPERACION 200736','SOCORRO COMUNIDADES','2015-12-16','2016-05-16','En ejecución','PMA','Programa Mundial de Alimentos','Agencia ONU',6569,'Seguridad Alimentaria y Nutrición (SAN)',267,118,149,'Caquetá','2016-07-31 03:56:38','ARCHIVO'),(35,'200708 - 30','OPERACION PROLONGADA DE SOCORRO Y RECUPERACION 200737','SOCORRO INDIVIDUAL','2015-11-25','2016-03-25','Finalizado','PMA','Programa Mundial de Alimentos','Agencia ONU',642,'Seguridad Alimentaria y Nutrición (SAN)',51,25,26,'Caquetá','2016-07-31 03:56:55','ARCHIVO'),(36,'200708 - 31','OPERACION PROLONGADA DE SOCORRO Y RECUPERACION 200738','ALIMENTOS POR CAPACITACION','2015-10-28','2016-02-25','Finalizado','PMA','Programa Mundial de Alimentos','Agencia ONU',967,'Seguridad Alimentaria y Nutrición (SAN)',70,38,32,'Caquetá','2016-07-31 03:57:03','ARCHIVO'),(37,'200708 - 32','OPERACION PROLONGADA DE SOCORRO Y RECUPERACION 200739','ALIMENTO POR ACTIVOS','2015-11-06','2016-03-05','Finalizado','PMA','Programa Mundial de Alimentos','Agencia ONU',26377,'Seguridad Alimentaria y Nutrición (SAN)',513,246,267,'Caquetá','2016-07-31 03:57:06','ARCHIVO'),(38,'200708 - 33','OPERACION PROLONGADA DE SOCORRO Y RECUPERACION 200740','ALIMENTO POR ACTIVOS','2015-11-18','2016-03-18','Finalizado','PMA','Programa Mundial de Alimentos','Agencia ONU',27,'Seguridad Alimentaria y Nutrición (SAN)',2,1,1,'Cauca','2016-07-31 03:57:09','ARCHIVO'),(39,'200708 - 34','OPERACION PROLONGADA DE SOCORRO Y RECUPERACION 200741','ALIMENTOS POR CAPACITACION','2015-11-17','2016-02-17','Finalizado','PMA','Programa Mundial de Alimentos','Agencia ONU',38,'Seguridad Alimentaria y Nutrición (SAN)',3,1,2,'Cauca','2016-07-31 03:57:13','ARCHIVO'),(40,'200708 - 35','OPERACION PROLONGADA DE SOCORRO Y RECUPERACION 200742','ALIMENTOS POR CAPACITACION','2015-11-17','2016-03-17','Finalizado','PMA','Programa Mundial de Alimentos','Agencia ONU',8983,'Seguridad Alimentaria y Nutrición (SAN)',362,143,219,'Cauca','2016-07-31 03:57:17','ARCHIVO'),(41,'200708 - 36','OPERACION PROLONGADA DE SOCORRO Y RECUPERACION 200743','ALIMENTOS POR CAPACITACION','2015-11-23','2016-02-23','Finalizado','PMA','Programa Mundial de Alimentos','Agencia ONU',88,'Seguridad Alimentaria y Nutrición (SAN)',7,2,5,'Cauca','2016-07-31 03:57:20','ARCHIVO'),(42,'200708 - 37','OPERACION PROLONGADA DE SOCORRO Y RECUPERACION 200744','ALIMENTOS POR CAPACITACION','2015-11-25','2016-02-25','Finalizado','PMA','Programa Mundial de Alimentos','Agencia ONU',214,'Seguridad Alimentaria y Nutrición (SAN)',17,6,11,'Cauca','2016-07-31 03:57:23','ARCHIVO'),(43,'200708 - 38','OPERACION PROLONGADA DE SOCORRO Y RECUPERACION 200745','ALIMENTOS POR CAPACITACION','2015-11-27','2016-02-27','Finalizado','PMA','Programa Mundial de Alimentos','Agencia ONU',76,'Seguridad Alimentaria y Nutrición (SAN)',3,1,2,'Cauca','2016-07-31 03:57:25','ARCHIVO'),(44,'200708 - 39','OPERACION PROLONGADA DE SOCORRO Y RECUPERACION 200746','ALIMENTOS POR CAPACITACION','2015-12-07','2016-04-07','En ejecución','PMA','Programa Mundial de Alimentos','Agencia ONU',176,'Seguridad Alimentaria y Nutrición (SAN)',7,1,6,'Cauca','2016-07-31 03:57:30','ARCHIVO'),(45,'200708 - 40','OPERACION PROLONGADA DE SOCORRO Y RECUPERACION 200747','ALIMENTOS POR CAPACITACION','2015-11-19','2016-03-18','Finalizado','PMA','Programa Mundial de Alimentos','Agencia ONU',16676,'Seguridad Alimentaria y Nutrición (SAN)',603,212,391,'Cauca','2016-07-31 03:57:33','ARCHIVO'),(46,'200708 - 41','OPERACION PROLONGADA DE SOCORRO Y RECUPERACION 200748','ALIMENTOS POR CAPACITACION','2015-11-17','2016-03-17','Finalizado','PMA','Programa Mundial de Alimentos','Agencia ONU',23032,'Seguridad Alimentaria y Nutrición (SAN)',1003,468,535,'Cauca','2016-07-31 03:57:36','ARCHIVO'),(47,'200708 - 42','OPERACION PROLONGADA DE SOCORRO Y RECUPERACION 200749','SOCORRO COMUNIDADES','2015-09-29','2016-02-29','Finalizado','PMA','Programa Mundial de Alimentos','Agencia ONU',137,'Seguridad Alimentaria y Nutrición (SAN)',5,2,3,'Cauca','2016-07-31 03:57:41','ARCHIVO'),(48,'200708 - 43','OPERACION PROLONGADA DE SOCORRO Y RECUPERACION 200750','SOCORRO COMUNIDADES','2015-11-09','2016-04-07','En ejecución','PMA','Programa Mundial de Alimentos','Agencia ONU',13734,'Seguridad Alimentaria y Nutrición (SAN)',496,240,256,'Cauca','2016-07-31 03:57:46','ARCHIVO'),(49,'200708 - 44','OPERACION PROLONGADA DE SOCORRO Y RECUPERACION 200751','ALIMENTOS POR CAPACITACION','2015-11-26','2016-03-26','Finalizado','PMA','Programa Mundial de Alimentos','Agencia ONU',2694,'Seguridad Alimentaria y Nutrición (SAN)',238,238,0,'Cauca','2016-07-31 03:57:49','ARCHIVO'),(50,'200708 - 45','OPERACION PROLONGADA DE SOCORRO Y RECUPERACION 200752','SOCORRO COMUNIDADES','2015-11-30','2016-04-28','En ejecución','PMA','Programa Mundial de Alimentos','Agencia ONU',10609,'Seguridad Alimentaria y Nutrición (SAN)',767,763,4,'Cauca','2016-07-31 03:57:52','ARCHIVO'),(51,'200708 - 46','OPERACION PROLONGADA DE SOCORRO Y RECUPERACION 200753','ALIMENTO POR ACTIVOS','2015-12-04','2016-04-04','En ejecución','PMA','Programa Mundial de Alimentos','Agencia ONU',5683,'Seguridad Alimentaria y Nutrición (SAN)',558,320,238,'Cauca','2016-07-31 03:57:55','ARCHIVO'),(52,'200708 - 47','OPERACION PROLONGADA DE SOCORRO Y RECUPERACION 200754','ALIMENTO POR ACTIVOS','2015-11-23','2016-02-21','Finalizado','PMA','Programa Mundial de Alimentos','Agencia ONU',14205,'Seguridad Alimentaria y Nutrición (SAN)',600,345,255,'Cauca','2016-07-31 03:57:58','ARCHIVO'),(53,'200708 - 48','OPERACION PROLONGADA DE SOCORRO Y RECUPERACION 200755','SOCORRO COMUNIDADES','2015-11-23','2016-03-22','Finalizado','PMA','Programa Mundial de Alimentos','Agencia ONU',4387,'Seguridad Alimentaria y Nutrición (SAN)',957,461,496,'Cauca','2016-07-31 03:58:00','ARCHIVO'),(54,'200708 - 49','OPERACION PROLONGADA DE SOCORRO Y RECUPERACION 200756','ALIMENTOS POR CAPACITACION','2015-11-23','2016-03-22','Finalizado','PMA','Programa Mundial de Alimentos','Agencia ONU',6898,'Seguridad Alimentaria y Nutrición (SAN)',499,271,228,'Cauca','2016-07-31 03:58:02','ARCHIVO'),(55,'200708 - 50','OPERACION PROLONGADA DE SOCORRO Y RECUPERACION 200757','SOCORRO COMUNIDADES','2015-11-23','2016-04-21','En ejecución','PMA','Programa Mundial de Alimentos','Agencia ONU',5544,'Seguridad Alimentaria y Nutrición (SAN)',401,201,200,'Cauca','2016-07-31 03:58:03','ARCHIVO'),(56,'200708 - 51','OPERACION PROLONGADA DE SOCORRO Y RECUPERACION 200758','ALIMENTOS POR CAPACITACION','2015-11-26','2016-03-26','Finalizado','PMA','Programa Mundial de Alimentos','Agencia ONU',1421,'Seguridad Alimentaria y Nutrición (SAN)',150,75,75,'Cauca','2016-07-31 03:58:05','ARCHIVO'),(57,'200708 - 52','OPERACION PROLONGADA DE SOCORRO Y RECUPERACION 200759','SOCORRO COMUNIDADES','2015-11-30','2016-04-28','En ejecución','PMA','Programa Mundial de Alimentos','Agencia ONU',4837,'Seguridad Alimentaria y Nutrición (SAN)',350,192,158,'Cauca','2016-07-31 03:58:07','ARCHIVO'),(58,'200708 - 53','OPERACION PROLONGADA DE SOCORRO Y RECUPERACION 200760','ALIMENTOS POR CAPACITACION','2015-11-13','2016-03-13','Finalizado','PMA','Programa Mundial de Alimentos','Agencia ONU',6084,'Seguridad Alimentaria y Nutrición (SAN)',547,206,341,'Cauca','2016-07-31 03:58:08','ARCHIVO'),(59,'200708 - 54','OPERACION PROLONGADA DE SOCORRO Y RECUPERACION 200761','ALIMENTOS POR CAPACITACION','2015-11-18','2016-03-18','Finalizado','PMA','Programa Mundial de Alimentos','Agencia ONU',790,'Seguridad Alimentaria y Nutrición (SAN)',63,23,40,'Cauca','2016-07-31 03:58:10','ARCHIVO'),(60,'200708 - 55','OPERACION PROLONGADA DE SOCORRO Y RECUPERACION 200762','ALIMENTOS POR CAPACITACION','2015-11-17','2016-06-04','En ejecución','PMA','Programa Mundial de Alimentos','Agencia ONU',5486,'Seguridad Alimentaria y Nutrición (SAN)',404,153,251,'Cauca','2016-07-31 03:58:12','ARCHIVO'),(61,'200708 - 56','OPERACION PROLONGADA DE SOCORRO Y RECUPERACION 200763','ALIMENTOS POR CAPACITACION','2015-11-13','2016-03-13','Finalizado','PMA','Programa Mundial de Alimentos','Agencia ONU',6973,'Seguridad Alimentaria y Nutrición (SAN)',562,212,350,'Cauca','2016-07-31 03:58:14','ARCHIVO'),(62,'200708 - 57','OPERACION PROLONGADA DE SOCORRO Y RECUPERACION 200764','ALIMENTOS POR CAPACITACION','2015-11-23','2016-03-23','Finalizado','PMA','Programa Mundial de Alimentos','Agencia ONU',151,'Seguridad Alimentaria y Nutrición (SAN)',12,6,6,'Cauca','2016-07-31 03:58:15','ARCHIVO'),(63,'200708 - 58','OPERACION PROLONGADA DE SOCORRO Y RECUPERACION 200765','ALIMENTOS POR CAPACITACION','2015-11-17','2016-03-16','Finalizado','PMA','Programa Mundial de Alimentos','Agencia ONU',7604,'Seguridad Alimentaria y Nutrición (SAN)',551,184,367,'Cauca','2016-07-31 03:58:18','ARCHIVO'),(64,'200708 - 59','OPERACION PROLONGADA DE SOCORRO Y RECUPERACION 200766','ALIMENTO POR ACTIVOS','2015-11-20','2016-03-20','Finalizado','PMA','Programa Mundial de Alimentos','Agencia ONU',3459,'Seguridad Alimentaria y Nutrición (SAN)',552,286,266,'Cauca','2016-07-31 03:58:20','ARCHIVO'),(65,'200708 - 60','OPERACION PROLONGADA DE SOCORRO Y RECUPERACION 200767','SOCORRO COMUNIDADES','2015-11-23','2016-04-21','En ejecución','PMA','Programa Mundial de Alimentos','Agencia ONU',5515,'Seguridad Alimentaria y Nutrición (SAN)',447,242,205,'Cauca','2016-07-31 03:58:22','ARCHIVO'),(66,'200708 - 62','OPERACION PROLONGADA DE SOCORRO Y RECUPERACION 200769','SOCORRO COMUNIDADES','2015-11-10','2016-04-08','En ejecución','PMA','Programa Mundial de Alimentos','Agencia ONU',99876,'Seguridad Alimentaria y Nutrición (SAN)',6231,3297,2934,'Chocó','2016-07-31 03:58:23','ARCHIVO'),(67,'200708 - 64','OPERACION PROLONGADA DE SOCORRO Y RECUPERACION 200771','ALIMENTOS POR CAPACITACION','2015-10-02','2016-01-02','Finalizado','PMA','Programa Mundial de Alimentos','Agencia ONU',194,'Seguridad Alimentaria y Nutrición (SAN)',7,1,6,'Chocó','2016-07-31 03:58:27','ARCHIVO'),(68,'200708 - 65','OPERACION PROLONGADA DE SOCORRO Y RECUPERACION 200772','SOCORRO COMUNIDADES','2015-11-11','2016-02-09','Finalizado','PMA','Programa Mundial de Alimentos','Agencia ONU',80137,'Seguridad Alimentaria y Nutrición (SAN)',5796,3122,2674,'Chocó','2016-07-31 03:58:29','ARCHIVO'),(69,'200708 - 66','OPERACION PROLONGADA DE SOCORRO Y RECUPERACION 200773','ALIMENTOS POR CAPACITACION','2015-11-23','2016-01-22','Finalizado','PMA','Programa Mundial de Alimentos','Agencia ONU',41477,'Seguridad Alimentaria y Nutrición (SAN)',998,510,488,'Chocó','2016-07-31 03:58:31','ARCHIVO'),(70,'200708 - 68','OPERACION PROLONGADA DE SOCORRO Y RECUPERACION 200775','ALIMENTOS POR CAPACITACION','2015-11-13','2016-01-13','Finalizado','PMA','Programa Mundial de Alimentos','Agencia ONU',88,'Seguridad Alimentaria y Nutrición (SAN)',12,6,6,'Chocó','2016-07-31 03:58:34','ARCHIVO'),(71,'200708 - 69','OPERACION PROLONGADA DE SOCORRO Y RECUPERACION 200776','ALIMENTOS POR CAPACITACION','2015-11-13','2016-03-13','Finalizado','PMA','Programa Mundial de Alimentos','Agencia ONU',75,'Seguridad Alimentaria y Nutrición (SAN)',7,3,4,'Chocó','2016-07-31 03:58:35','ARCHIVO'),(72,'200708 - 70','OPERACION PROLONGADA DE SOCORRO Y RECUPERACION 200777','ALIMENTO POR ACTIVOS','2015-11-25','2016-02-25','Finalizado','PMA','Programa Mundial de Alimentos','Agencia ONU',59914,'Seguridad Alimentaria y Nutrición (SAN)',1680,857,823,'Córdoba','2016-07-31 03:58:38','ARCHIVO'),(73,'200708 - 71','OPERACION PROLONGADA DE SOCORRO Y RECUPERACION 200778','ALIMENTO POR ACTIVOS','2015-11-04','2016-02-04','Finalizado','PMA','Programa Mundial de Alimentos','Agencia ONU',50,'Seguridad Alimentaria y Nutrición (SAN)',2,0,2,'Córdoba','2016-07-31 03:58:40','ARCHIVO'),(74,'200708 - 72','OPERACION PROLONGADA DE SOCORRO Y RECUPERACION 200779','ALIMENTO POR ACTIVOS','2015-12-07','2016-02-07','Finalizado','PMA','Programa Mundial de Alimentos','Agencia ONU',327,'Seguridad Alimentaria y Nutrición (SAN)',10,3,7,'Córdoba','2016-07-31 03:58:41','ARCHIVO'),(75,'200708 - 73','OPERACION PROLONGADA DE SOCORRO Y RECUPERACION 200780','ALIMENTO POR ACTIVOS','2015-12-07','2016-03-07','Finalizado','PMA','Programa Mundial de Alimentos','Agencia ONU',33434,'Seguridad Alimentaria y Nutrición (SAN)',890,464,426,'Córdoba','2016-07-31 03:58:43','ARCHIVO'),(76,'200708 - 74','OPERACION PROLONGADA DE SOCORRO Y RECUPERACION 200781','ALIMENTOS POR CAPACITACION','2015-11-25','2016-02-25','Finalizado','PMA','Programa Mundial de Alimentos','Agencia ONU',41252,'Seguridad Alimentaria y Nutrición (SAN)',2019,1070,949,'Córdoba','2016-07-31 03:58:46','ARCHIVO'),(77,'200708 - 75','OPERACION PROLONGADA DE SOCORRO Y RECUPERACION 200782','ALIMENTOS POR CAPACITACION','2015-11-25','2016-02-25','Finalizado','PMA','Programa Mundial de Alimentos','Agencia ONU',1852,'Seguridad Alimentaria y Nutrición (SAN)',135,70,65,'Córdoba','2016-07-31 03:58:48','ARCHIVO'),(78,'200708 - 76','OPERACION PROLONGADA DE SOCORRO Y RECUPERACION 200783','ALIMENTOS POR CAPACITACION','2015-12-11','2016-03-11','Finalizado','PMA','Programa Mundial de Alimentos','Agencia ONU',5299,'Seguridad Alimentaria y Nutrición (SAN)',150,78,72,'Córdoba','2016-07-31 03:58:50','ARCHIVO'),(79,'200708 - 78','OPERACION PROLONGADA DE SOCORRO Y RECUPERACION 200785','ALIMENTOS POR CAPACITACION','2015-11-10','2016-02-10','Finalizado','PMA','Programa Mundial de Alimentos','Agencia ONU',642,'Seguridad Alimentaria y Nutrición (SAN)',29,11,18,'Córdoba','2016-07-31 03:58:52','ARCHIVO'),(80,'200708 - 79','OPERACION PROLONGADA DE SOCORRO Y RECUPERACION 200786','ALIMENTOS POR CAPACITACION','2015-12-11','2016-02-11','Finalizado','PMA','Programa Mundial de Alimentos','Agencia ONU',164,'Seguridad Alimentaria y Nutrición (SAN)',5,2,3,'Córdoba','2016-07-31 03:58:54','ARCHIVO'),(81,'200708 - 80','OPERACION PROLONGADA DE SOCORRO Y RECUPERACION 200787','ALIMENTOS POR CAPACITACION','2015-12-11','2016-03-11','Finalizado','PMA','Programa Mundial de Alimentos','Agencia ONU',31138,'Seguridad Alimentaria y Nutrición (SAN)',938,485,453,'Córdoba','2016-07-31 03:58:57','ARCHIVO'),(82,'200708 - 81','OPERACION PROLONGADA DE SOCORRO Y RECUPERACION 200788','ALIMENTOS POR CAPACITACION','2015-12-14','2016-03-14','Finalizado','PMA','Programa Mundial de Alimentos','Agencia ONU',264,'Seguridad Alimentaria y Nutrición (SAN)',8,4,4,'Córdoba','2016-07-31 03:58:59','ARCHIVO'),(83,'200708 - 82','OPERACION PROLONGADA DE SOCORRO Y RECUPERACION 200789','ALIMENTO POR ACTIVOS','2015-11-25','2016-02-25','Finalizado','PMA','Programa Mundial de Alimentos','Agencia ONU',27547,'Seguridad Alimentaria y Nutrición (SAN)',1000,503,497,'Córdoba','2016-07-31 03:59:01','ARCHIVO'),(84,'200708 - 83','OPERACION PROLONGADA DE SOCORRO Y RECUPERACION 200790','ALIMENTO POR ACTIVOS','2015-12-01','2016-03-01','Finalizado','PMA','Programa Mundial de Alimentos','Agencia ONU',38386,'Seguridad Alimentaria y Nutrición (SAN)',1001,516,485,'Córdoba','2016-07-31 03:59:03','ARCHIVO'),(85,'200708 - 84','OPERACION PROLONGADA DE SOCORRO Y RECUPERACION 200791','ALIMENTOS POR CAPACITACION','2015-11-25','2016-02-25','Finalizado','PMA','Programa Mundial de Alimentos','Agencia ONU',4092,'Seguridad Alimentaria y Nutrición (SAN)',150,66,84,'Córdoba','2016-07-31 03:59:05','ARCHIVO'),(86,'200708 - 85','OPERACION PROLONGADA DE SOCORRO Y RECUPERACION 200792','ALIMENTO POR ACTIVOS','2015-11-25','2016-02-25','Finalizado','PMA','Programa Mundial de Alimentos','Agencia ONU',34399,'Seguridad Alimentaria y Nutrición (SAN)',1513,804,709,'Córdoba','2016-07-31 03:59:08','ARCHIVO'),(87,'200708 - 86','OPERACION PROLONGADA DE SOCORRO Y RECUPERACION 200793','ALIMENTOS POR CAPACITACION','2015-11-25','2016-02-25','Finalizado','PMA','Programa Mundial de Alimentos','Agencia ONU',18159,'Seguridad Alimentaria y Nutrición (SAN)',315,137,178,'Córdoba','2016-07-31 03:59:09','ARCHIVO'),(88,'200708 - 88','OPERACION PROLONGADA DE SOCORRO Y RECUPERACION 200795','ALIMENTO POR ACTIVOS','2015-11-09','2016-02-09','Finalizado','PMA','Programa Mundial de Alimentos','Agencia ONU',101,'Seguridad Alimentaria y Nutrición (SAN)',4,2,2,'Córdoba','2016-07-31 03:59:11','ARCHIVO'),(89,'200708 - 89','OPERACION PROLONGADA DE SOCORRO Y RECUPERACION 200796','ALIMENTO POR ACTIVOS','2015-12-11','2016-02-11','Finalizado','PMA','Programa Mundial de Alimentos','Agencia ONU',806,'Seguridad Alimentaria y Nutrición (SAN)',24,12,12,'Córdoba','2016-07-31 03:59:13','ARCHIVO'),(90,'200708 - 90','OPERACION PROLONGADA DE SOCORRO Y RECUPERACION 200797','ALIMENTO POR ACTIVOS','2015-12-11','2016-03-11','Finalizado','PMA','Programa Mundial de Alimentos','Agencia ONU',33594,'Seguridad Alimentaria y Nutrición (SAN)',965,534,431,'Córdoba','2016-07-31 03:59:14','ARCHIVO'),(91,'200708 - 91','OPERACION PROLONGADA DE SOCORRO Y RECUPERACION 200798','ALIMENTOS POR CAPACITACION','2015-11-25','2016-02-25','Finalizado','PMA','Programa Mundial de Alimentos','Agencia ONU',20159,'Seguridad Alimentaria y Nutrición (SAN)',735,354,381,'Córdoba','2016-07-31 03:59:16','ARCHIVO'),(92,'200708 - 92','OPERACION PROLONGADA DE SOCORRO Y RECUPERACION 200799','ALIMENTO POR ACTIVOS','2015-11-25','2016-02-25','Finalizado','PMA','Programa Mundial de Alimentos','Agencia ONU',41266,'Seguridad Alimentaria y Nutrición (SAN)',1000,448,552,'Córdoba','2016-07-31 03:59:19','ARCHIVO'),(93,'200708 - 94','OPERACION PROLONGADA DE SOCORRO Y RECUPERACION 200801','ALIMENTO POR ACTIVOS','2015-11-10','2016-02-10','Finalizado','PMA','Programa Mundial de Alimentos','Agencia ONU',353,'Seguridad Alimentaria y Nutrición (SAN)',14,6,8,'Córdoba','2016-07-31 03:59:23','ARCHIVO'),(94,'200708 - 95','OPERACION PROLONGADA DE SOCORRO Y RECUPERACION 200802','ALIMENTO POR ACTIVOS','2015-12-11','2016-03-11','Finalizado','PMA','Programa Mundial de Alimentos','Agencia ONU',36299,'Seguridad Alimentaria y Nutrición (SAN)',982,526,456,'Córdoba','2016-07-31 03:59:26','ARCHIVO'),(95,'200708 - 96','OPERACION PROLONGADA DE SOCORRO Y RECUPERACION 200803','ALIMENTO POR ACTIVOS','2015-11-25','2016-02-25','Finalizado','PMA','Programa Mundial de Alimentos','Agencia ONU',41266,'Seguridad Alimentaria y Nutrición (SAN)',1001,490,511,'Córdoba','2016-07-31 03:59:29','ARCHIVO'),(96,'200708 - 97','OPERACION PROLONGADA DE SOCORRO Y RECUPERACION 200804','ALIMENTO POR ACTIVOS','2015-11-25','2016-02-25','Finalizado','PMA','Programa Mundial de Alimentos','Agencia ONU',23358,'Seguridad Alimentaria y Nutrición (SAN)',347,178,169,'Córdoba','2016-07-31 03:59:31','ARCHIVO'),(97,'200708 - 98','OPERACION PROLONGADA DE SOCORRO Y RECUPERACION 200805','ALIMENTO POR ACTIVOS','2015-11-27','2016-02-27','Finalizado','PMA','Programa Mundial de Alimentos','Agencia ONU',21346,'Seguridad Alimentaria y Nutrición (SAN)',564,303,261,'Córdoba','2016-07-31 03:59:32','ARCHIVO'),(98,'200708 - 99','OPERACION PROLONGADA DE SOCORRO Y RECUPERACION 200806','ALIMENTOS POR CAPACITACION','2015-12-11','2016-04-11','En ejecución','PMA','Programa Mundial de Alimentos','Agencia ONU',189,'Seguridad Alimentaria y Nutrición (SAN)',5,3,2,'La Guajira','2016-07-31 03:59:34','ARCHIVO'),(99,'200708 - 100','OPERACION PROLONGADA DE SOCORRO Y RECUPERACION 200807','ALIMENTO POR ACTIVOS','2015-09-01','2016-01-01','Finalizado','PMA','Programa Mundial de Alimentos','Agencia ONU',2,'Seguridad Alimentaria y Nutrición (SAN)',2,2,0,'La Guajira','2016-07-31 03:59:36','ARCHIVO'),(100,'200708 - 101','OPERACION PROLONGADA DE SOCORRO Y RECUPERACION 200808','ALIMENTO POR ACTIVOS','2015-11-17','2016-04-17','En ejecución','PMA','Programa Mundial de Alimentos','Agencia ONU',491,'Seguridad Alimentaria y Nutrición (SAN)',13,5,8,'La Guajira','2016-07-31 03:59:37','ARCHIVO'),(101,'200708 - 102','OPERACION PROLONGADA DE SOCORRO Y RECUPERACION 200809','ALIMENTO POR ACTIVOS','2015-12-10','2016-04-10','En ejecución','PMA','Programa Mundial de Alimentos','Agencia ONU',340,'Seguridad Alimentaria y Nutrición (SAN)',10,7,3,'La Guajira','2016-07-31 03:59:40','ARCHIVO'),(102,'200708 - 103','OPERACION PROLONGADA DE SOCORRO Y RECUPERACION 200810','ALIMENTO POR ACTIVOS','2015-11-25','2016-03-25','Finalizado','PMA','Programa Mundial de Alimentos','Agencia ONU',76,'Seguridad Alimentaria y Nutrición (SAN)',3,1,2,'La Guajira','2016-07-31 03:59:42','ARCHIVO'),(103,'200708 - 105','OPERACION PROLONGADA DE SOCORRO Y RECUPERACION 200812','ALIMENTOS POR CAPACITACION','2015-09-01','2016-01-01','Finalizado','PMA','Programa Mundial de Alimentos','Agencia ONU',201,'Seguridad Alimentaria y Nutrición (SAN)',16,9,7,'La Guajira','2016-07-31 03:59:44','ARCHIVO'),(104,'200708 - 106','OPERACION PROLONGADA DE SOCORRO Y RECUPERACION 200813','ALIMENTOS POR CAPACITACION','2015-10-27','2016-02-27','Finalizado','PMA','Programa Mundial de Alimentos','Agencia ONU',818,'Seguridad Alimentaria y Nutrición (SAN)',33,19,14,'La Guajira','2016-07-31 03:59:46','ARCHIVO'),(105,'200708 - 107','OPERACION PROLONGADA DE SOCORRO Y RECUPERACION 200814','ALIMENTOS POR CAPACITACION','2015-10-27','2016-03-27','Finalizado','PMA','Programa Mundial de Alimentos','Agencia ONU',176,'Seguridad Alimentaria y Nutrición (SAN)',7,3,4,'La Guajira','2016-07-31 03:59:48','ARCHIVO'),(106,'200708 - 108','OPERACION PROLONGADA DE SOCORRO Y RECUPERACION 200815','ALIMENTOS POR CAPACITACION','2015-12-11','2016-04-11','En ejecución','PMA','Programa Mundial de Alimentos','Agencia ONU',20169,'Seguridad Alimentaria y Nutrición (SAN)',654,339,315,'La Guajira','2016-07-31 03:59:50','ARCHIVO'),(107,'200708 - 109','OPERACION PROLONGADA DE SOCORRO Y RECUPERACION 200816','ALIMENTOS POR CAPACITACION','2015-12-11','2016-05-11','En ejecución','PMA','Programa Mundial de Alimentos','Agencia ONU',3173,'Seguridad Alimentaria y Nutrición (SAN)',107,54,53,'La Guajira','2016-07-31 03:59:53','ARCHIVO'),(108,'200708 - 110','OPERACION PROLONGADA DE SOCORRO Y RECUPERACION 200817','ALIMENTO POR ACTIVOS','2015-11-10','2016-03-09','Finalizado','PMA','Programa Mundial de Alimentos','Agencia ONU',4494,'Seguridad Alimentaria y Nutrición (SAN)',325,156,169,'La Guajira','2016-07-31 03:59:55','ARCHIVO'),(109,'200708 - 111','OPERACION PROLONGADA DE SOCORRO Y RECUPERACION 200818','ALIMENTO POR ACTIVOS','2015-12-11','2016-01-11','Finalizado','PMA','Programa Mundial de Alimentos','Agencia ONU',63,'Seguridad Alimentaria y Nutrición (SAN)',5,1,4,'La Guajira','2016-07-31 03:59:57','ARCHIVO'),(110,'200708 - 112','OPERACION PROLONGADA DE SOCORRO Y RECUPERACION 200819','ALIMENTOS POR CAPACITACION','2015-10-27','2016-02-27','Finalizado','PMA','Programa Mundial de Alimentos','Agencia ONU',76,'Seguridad Alimentaria y Nutrición (SAN)',3,1,2,'La Guajira','2016-07-31 04:00:02','ARCHIVO'),(111,'200708 - 113','OPERACION PROLONGADA DE SOCORRO Y RECUPERACION 200820','ALIMENTOS POR CAPACITACION','2015-10-27','2016-03-27','Finalizado','PMA','Programa Mundial de Alimentos','Agencia ONU',252,'Seguridad Alimentaria y Nutrición (SAN)',10,5,5,'La Guajira','2016-07-31 04:00:05','ARCHIVO'),(112,'200708 - 114','OPERACION PROLONGADA DE SOCORRO Y RECUPERACION 200821','ALIMENTOS POR CAPACITACION','2015-12-11','2016-04-11','En ejecución','PMA','Programa Mundial de Alimentos','Agencia ONU',3904,'Seguridad Alimentaria y Nutrición (SAN)',117,63,54,'La Guajira','2016-07-31 04:00:06','ARCHIVO'),(113,'200708 - 115','OPERACION PROLONGADA DE SOCORRO Y RECUPERACION 200822','ALIMENTOS POR CAPACITACION','2015-12-11','2016-05-11','En ejecución','PMA','Programa Mundial de Alimentos','Agencia ONU',2078,'Seguridad Alimentaria y Nutrición (SAN)',71,36,35,'La Guajira','2016-07-31 04:00:11','ARCHIVO'),(114,'200708 - 116','OPERACION PROLONGADA DE SOCORRO Y RECUPERACION 200823','ALIMENTO POR ACTIVOS','2015-09-08','2016-01-08','Finalizado','PMA','Programa Mundial de Alimentos','Agencia ONU',41,'Seguridad Alimentaria y Nutrición (SAN)',3,2,1,'La Guajira','2016-07-31 04:00:16','ARCHIVO'),(115,'200708 - 118','OPERACION PROLONGADA DE SOCORRO Y RECUPERACION 200825','ALIMENTO POR ACTIVOS','2015-12-10','2016-04-10','En ejecución','PMA','Programa Mundial de Alimentos','Agencia ONU',27527,'Seguridad Alimentaria y Nutrición (SAN)',1105,499,606,'La Guajira','2016-07-31 04:00:20','ARCHIVO'),(116,'200708 - 119','OPERACION PROLONGADA DE SOCORRO Y RECUPERACION 200826','ALIMENTO POR ACTIVOS','2015-12-10','2016-05-10','En ejecución','PMA','Programa Mundial de Alimentos','Agencia ONU',63,'Seguridad Alimentaria y Nutrición (SAN)',5,1,4,'La Guajira','2016-07-31 04:00:23','ARCHIVO'),(117,'200708 - 120','OPERACION PROLONGADA DE SOCORRO Y RECUPERACION 200827','ALIMENTO POR ACTIVOS','2015-11-10','2016-03-09','Finalizado','PMA','Programa Mundial de Alimentos','Agencia ONU',415,'Seguridad Alimentaria y Nutrición (SAN)',38,18,20,'La Guajira','2016-07-31 04:00:25','ARCHIVO'),(118,'200708 - 122','OPERACION PROLONGADA DE SOCORRO Y RECUPERACION 200829','ALIMENTO POR ACTIVOS','2015-11-13','2016-04-13','En ejecución','PMA','Programa Mundial de Alimentos','Agencia ONU',10915,'Seguridad Alimentaria y Nutrición (SAN)',234,113,121,'La Guajira','2016-07-31 04:00:27','ARCHIVO'),(119,'200708 - 123','OPERACION PROLONGADA DE SOCORRO Y RECUPERACION 200830','ALIMENTO POR ACTIVOS','2015-11-19','2016-03-19','Finalizado','PMA','Programa Mundial de Alimentos','Agencia ONU',869,'Seguridad Alimentaria y Nutrición (SAN)',69,31,38,'La Guajira','2016-07-31 04:00:30','ARCHIVO'),(120,'200708 - 124','OPERACION PROLONGADA DE SOCORRO Y RECUPERACION 200831','ALIMENTO POR ACTIVOS','2015-12-10','2016-04-10','En ejecución','PMA','Programa Mundial de Alimentos','Agencia ONU',30991,'Seguridad Alimentaria y Nutrición (SAN)',1285,609,676,'La Guajira','2016-07-31 04:00:35','ARCHIVO'),(121,'200708 - 125','OPERACION PROLONGADA DE SOCORRO Y RECUPERACION 200832','ALIMENTO POR ACTIVOS','2015-12-10','2016-05-10','En ejecución','PMA','Programa Mundial de Alimentos','Agencia ONU',630,'Seguridad Alimentaria y Nutrición (SAN)',31,12,19,'La Guajira','2016-07-31 04:00:40','ARCHIVO'),(122,'200708 - 126','OPERACION PROLONGADA DE SOCORRO Y RECUPERACION 200833','ALIMENTO POR ACTIVOS','2015-11-03','2016-03-03','Finalizado','PMA','Programa Mundial de Alimentos','Agencia ONU',12868,'Seguridad Alimentaria y Nutrición (SAN)',1184,540,644,'La Guajira','2016-07-31 04:00:43','ARCHIVO'),(123,'200708 - 127','OPERACION PROLONGADA DE SOCORRO Y RECUPERACION 200834','ALIMENTO POR ACTIVOS','2015-12-10','2016-04-10','En ejecución','PMA','Programa Mundial de Alimentos','Agencia ONU',3992,'Seguridad Alimentaria y Nutrición (SAN)',510,241,269,'La Guajira','2016-07-31 04:00:49','ARCHIVO'),(124,'200708 - 128','OPERACION PROLONGADA DE SOCORRO Y RECUPERACION 200835','ALIMENTOS POR CAPACITACION','2015-11-19','2016-03-19','Finalizado','PMA','Programa Mundial de Alimentos','Agencia ONU',3425,'Seguridad Alimentaria y Nutrición (SAN)',272,134,138,'La Guajira','2016-07-31 04:00:51','ARCHIVO'),(125,'200708 - 129','OPERACION PROLONGADA DE SOCORRO Y RECUPERACION 200836','ALIMENTOS POR CAPACITACION','2015-12-04','2016-04-04','En ejecución','PMA','Programa Mundial de Alimentos','Agencia ONU',113,'Seguridad Alimentaria y Nutrición (SAN)',213,96,117,'La Guajira','2016-07-31 04:00:53','ARCHIVO'),(126,'200708 - 130','OPERACION PROLONGADA DE SOCORRO Y RECUPERACION 200837','ALIMENTOS POR CAPACITACION','2015-12-11','2016-04-11','En ejecución','PMA','Programa Mundial de Alimentos','Agencia ONU',3979,'Seguridad Alimentaria y Nutrición (SAN)',110,59,51,'La Guajira','2016-07-31 04:00:55','ARCHIVO'),(127,'200708 - 131','OPERACION PROLONGADA DE SOCORRO Y RECUPERACION 200838','ALIMENTO POR ACTIVOS','2015-09-08','2016-01-08','Finalizado','PMA','Programa Mundial de Alimentos','Agencia ONU',55,'Seguridad Alimentaria y Nutrición (SAN)',4,0,4,'La Guajira','2016-07-31 04:00:57','ARCHIVO'),(128,'200708 - 133','OPERACION PROLONGADA DE SOCORRO Y RECUPERACION 200840','ALIMENTO POR ACTIVOS','2015-11-17','2016-03-17','Finalizado','PMA','Programa Mundial de Alimentos','Agencia ONU',453,'Seguridad Alimentaria y Nutrición (SAN)',12,5,7,'La Guajira','2016-07-31 04:00:59','ARCHIVO'),(129,'200708 - 134','OPERACION PROLONGADA DE SOCORRO Y RECUPERACION 200841','ALIMENTO POR ACTIVOS','2015-11-17','2016-04-17','En ejecución','PMA','Programa Mundial de Alimentos','Agencia ONU',3211,'Seguridad Alimentaria y Nutrición (SAN)',87,45,42,'La Guajira','2016-07-31 04:01:00','ARCHIVO'),(130,'200708 - 135','OPERACION PROLONGADA DE SOCORRO Y RECUPERACION 200842','ALIMENTO POR ACTIVOS','2015-11-19','2016-03-19','Finalizado','PMA','Programa Mundial de Alimentos','Agencia ONU',113,'Seguridad Alimentaria y Nutrición (SAN)',9,5,4,'La Guajira','2016-07-31 04:01:02','ARCHIVO'),(131,'200708 - 136','OPERACION PROLONGADA DE SOCORRO Y RECUPERACION 200843','ALIMENTO POR ACTIVOS','2015-12-10','2016-01-10','Finalizado','PMA','Programa Mundial de Alimentos','Agencia ONU',214,'Seguridad Alimentaria y Nutrición (SAN)',4,1,3,'La Guajira','2016-07-31 04:01:04','ARCHIVO'),(132,'200708 - 137','OPERACION PROLONGADA DE SOCORRO Y RECUPERACION 200844','ALIMENTO POR ACTIVOS','2015-12-10','2016-04-10','En ejecución','PMA','Programa Mundial de Alimentos','Agencia ONU',18007,'Seguridad Alimentaria y Nutrición (SAN)',880,434,446,'La Guajira','2016-07-31 04:01:05','ARCHIVO'),(133,'200708 - 138','OPERACION PROLONGADA DE SOCORRO Y RECUPERACION 200845','ALIMENTO POR ACTIVOS','2015-12-10','2016-05-10','En ejecución','PMA','Programa Mundial de Alimentos','Agencia ONU',441,'Seguridad Alimentaria y Nutrición (SAN)',63,29,34,'La Guajira','2016-07-31 04:01:08','ARCHIVO'),(134,'200708 - 139','OPERACION PROLONGADA DE SOCORRO Y RECUPERACION 200846','ALIMENTO POR ACTIVOS','2015-11-10','2016-03-09','Finalizado','PMA','Programa Mundial de Alimentos','Agencia ONU',2392,'Seguridad Alimentaria y Nutrición (SAN)',173,78,95,'La Guajira','2016-07-31 04:01:10','ARCHIVO'),(135,'200708 - 140','OPERACION PROLONGADA DE SOCORRO Y RECUPERACION 200847','ALIMENTO POR ACTIVOS','2015-10-20','2016-02-20','Finalizado','PMA','Programa Mundial de Alimentos','Agencia ONU',894,'Seguridad Alimentaria y Nutrición (SAN)',37,21,16,'La Guajira','2016-07-31 04:01:11','ARCHIVO'),(136,'200708 - 142','OPERACION PROLONGADA DE SOCORRO Y RECUPERACION 200849','ALIMENTO POR ACTIVOS','2015-11-25','2016-03-25','Finalizado','PMA','Programa Mundial de Alimentos','Agencia ONU',5087,'Seguridad Alimentaria y Nutrición (SAN)',220,141,79,'La Guajira','2016-07-31 04:01:13','ARCHIVO'),(137,'200708 - 143','OPERACION PROLONGADA DE SOCORRO Y RECUPERACION 200850','ALIMENTO POR ACTIVOS','2015-12-10','2016-01-10','Finalizado','PMA','Programa Mundial de Alimentos','Agencia ONU',416,'Seguridad Alimentaria y Nutrición (SAN)',28,17,11,'La Guajira','2016-07-31 04:01:15','ARCHIVO'),(138,'200708 - 144','OPERACION PROLONGADA DE SOCORRO Y RECUPERACION 200851','ALIMENTO POR ACTIVOS','2015-12-10','2016-03-10','Finalizado','PMA','Programa Mundial de Alimentos','Agencia ONU',101,'Seguridad Alimentaria y Nutrición (SAN)',4,1,3,'La Guajira','2016-07-31 04:01:17','ARCHIVO'),(139,'200708 - 146','OPERACION PROLONGADA DE SOCORRO Y RECUPERACION 200853','ALIMENTO POR ACTIVOS','2015-10-23','2016-02-23','Finalizado','PMA','Programa Mundial de Alimentos','Agencia ONU',83,'Seguridad Alimentaria y Nutrición (SAN)',8,2,6,'La Guajira','2016-07-31 04:01:20','ARCHIVO'),(140,'200708 - 148','OPERACION PROLONGADA DE SOCORRO Y RECUPERACION 200855','ALIMENTO POR ACTIVOS','2015-12-10','2016-04-10','En ejecución','PMA','Programa Mundial de Alimentos','Agencia ONU',50925,'Seguridad Alimentaria y Nutrición (SAN)',2157,1037,1120,'La Guajira','2016-07-31 04:01:22','ARCHIVO'),(141,'200708 - 149','OPERACION PROLONGADA DE SOCORRO Y RECUPERACION 200856','ALIMENTO POR ACTIVOS','2015-12-10','2016-05-10','En ejecución','PMA','Programa Mundial de Alimentos','Agencia ONU',189,'Seguridad Alimentaria y Nutrición (SAN)',15,8,7,'La Guajira','2016-07-31 04:01:24','ARCHIVO'),(142,'200708 - 150','OPERACION PROLONGADA DE SOCORRO Y RECUPERACION 200857','ALIMENTO POR ACTIVOS','2015-12-17','2016-01-16','Finalizado','PMA','Programa Mundial de Alimentos','Agencia ONU',12941,'Seguridad Alimentaria y Nutrición (SAN)',936,432,504,'La Guajira','2016-07-31 04:01:26','ARCHIVO'),(143,'200708 - 152','OPERACION PROLONGADA DE SOCORRO Y RECUPERACION 200859','ALIMENTO POR ACTIVOS','2015-11-20','2016-02-18','Finalizado','PMA','Programa Mundial de Alimentos','Agencia ONU',15786,'Seguridad Alimentaria y Nutrición (SAN)',1144,581,563,'Nariño','2016-07-31 04:01:28','ARCHIVO'),(144,'200708 - 153','OPERACION PROLONGADA DE SOCORRO Y RECUPERACION 200860','ALIMENTOS POR CAPACITACION','2015-11-27','2016-03-26','Finalizado','PMA','Programa Mundial de Alimentos','Agencia ONU',41433,'Seguridad Alimentaria y Nutrición (SAN)',1230,634,596,'Nariño','2016-07-31 04:01:29','ARCHIVO'),(145,'200708 - 154','OPERACION PROLONGADA DE SOCORRO Y RECUPERACION 200861','ALIMENTOS POR CAPACITACION','2015-12-07','2016-02-07','Finalizado','PMA','Programa Mundial de Alimentos','Agencia ONU',24564,'Seguridad Alimentaria y Nutrición (SAN)',995,389,606,'Nariño','2016-07-31 04:01:31','ARCHIVO'),(146,'200708 - 155','OPERACION PROLONGADA DE SOCORRO Y RECUPERACION 200862','ALIMENTO POR ACTIVOS','2015-11-06','2016-03-05','Finalizado','PMA','Programa Mundial de Alimentos','Agencia ONU',258,'Seguridad Alimentaria y Nutrición (SAN)',6,3,3,'Nariño','2016-07-31 04:01:33','ARCHIVO'),(147,'200708 - 156','OPERACION PROLONGADA DE SOCORRO Y RECUPERACION 200863','ALIMENTOS POR CAPACITACION','2015-11-06','2016-03-05','Finalizado','PMA','Programa Mundial de Alimentos','Agencia ONU',22028,'Seguridad Alimentaria y Nutrición (SAN)',512,254,258,'Nariño','2016-07-31 04:01:35','ARCHIVO'),(148,'200708 - 158','OPERACION PROLONGADA DE SOCORRO Y RECUPERACION 200865','ALIMENTO POR ACTIVOS','2015-11-19','2016-01-18','Finalizado','PMA','Programa Mundial de Alimentos','Agencia ONU',19472,'Seguridad Alimentaria y Nutrición (SAN)',908,458,450,'Nariño','2016-07-31 04:01:38','ARCHIVO'),(149,'200708 - 159','OPERACION PROLONGADA DE SOCORRO Y RECUPERACION 200866','ALIMENTO POR ACTIVOS','2015-10-13','2016-02-10','Finalizado','PMA','Programa Mundial de Alimentos','Agencia ONU',14036,'Seguridad Alimentaria y Nutrición (SAN)',1015,483,532,'Nariño','2016-07-31 04:01:40','ARCHIVO'),(150,'200708 - 160','OPERACION PROLONGADA DE SOCORRO Y RECUPERACION 200867','ALIMENTO POR ACTIVOS','2015-11-27','2016-03-26','Finalizado','PMA','Programa Mundial de Alimentos','Agencia ONU',27044,'Seguridad Alimentaria y Nutrición (SAN)',496,254,242,'Nariño','2016-07-31 04:01:42','ARCHIVO'),(151,'200708 - 164','OPERACION PROLONGADA DE SOCORRO Y RECUPERACION 200871','ALIMENTO POR ACTIVOS','2015-11-06','2016-03-05','Finalizado','PMA','Programa Mundial de Alimentos','Agencia ONU',18914,'Seguridad Alimentaria y Nutrición (SAN)',456,224,232,'Nariño','2016-07-31 04:01:44','ARCHIVO'),(152,'200708 - 165','OPERACION PROLONGADA DE SOCORRO Y RECUPERACION 200872','ALIMENTO POR ACTIVOS','2015-11-19','2016-03-18','Finalizado','PMA','Programa Mundial de Alimentos','Agencia ONU',45815,'Seguridad Alimentaria y Nutrición (SAN)',1148,550,598,'Nariño','2016-07-31 04:01:46','ARCHIVO'),(153,'200708 - 166','OPERACION PROLONGADA DE SOCORRO Y RECUPERACION 200873','ALIMENTO POR ACTIVOS','2015-11-09','2016-03-08','Finalizado','PMA','Programa Mundial de Alimentos','Agencia ONU',7333,'Seguridad Alimentaria y Nutrición (SAN)',266,124,142,'Nariño','2016-07-31 04:01:48','ARCHIVO'),(154,'200708 - 167','OPERACION PROLONGADA DE SOCORRO Y RECUPERACION 200874','ALIMENTO POR ACTIVOS','2015-11-09','2016-03-08','Finalizado','PMA','Programa Mundial de Alimentos','Agencia ONU',15711,'Seguridad Alimentaria y Nutrición (SAN)',569,262,307,'Nariño','2016-07-31 04:01:50','ARCHIVO'),(155,'200708 - 168','OPERACION PROLONGADA DE SOCORRO Y RECUPERACION 200875','ALIMENTOS POR CAPACITACION','2015-12-14','2016-02-14','Finalizado','PMA','Programa Mundial de Alimentos','Agencia ONU',21758,'Seguridad Alimentaria y Nutrición (SAN)',863,422,441,'Nariño','2016-07-31 04:01:52','ARCHIVO'),(156,'200708 - 169','OPERACION PROLONGADA DE SOCORRO Y RECUPERACION 200876','ALIMENTO POR ACTIVOS','2015-11-11','2016-03-10','Finalizado','PMA','Programa Mundial de Alimentos','Agencia ONU',16349,'Seguridad Alimentaria y Nutrición (SAN)',381,185,196,'Nariño','2016-07-31 04:01:54','ARCHIVO'),(157,'200708 - 170','OPERACION PROLONGADA DE SOCORRO Y RECUPERACION 200877','ALIMENTOS POR CAPACITACION','2015-11-19','2016-02-17','Finalizado','PMA','Programa Mundial de Alimentos','Agencia ONU',6050,'Seguridad Alimentaria y Nutrición (SAN)',281,152,129,'Nariño','2016-07-31 04:01:56','ARCHIVO'),(158,'200708 - 171','OPERACION PROLONGADA DE SOCORRO Y RECUPERACION 200878','ALIMENTO POR ACTIVOS','2015-11-19','2016-03-19','Finalizado','PMA','Programa Mundial de Alimentos','Agencia ONU',7555,'Seguridad Alimentaria y Nutrición (SAN)',600,321,279,'Norte de Santander','2016-07-31 04:01:59','ARCHIVO'),(159,'200708 - 172','OPERACION PROLONGADA DE SOCORRO Y RECUPERACION 200879','ALIMENTOS POR EDUCACION','2015-11-26','2016-02-26','Finalizado','PMA','Programa Mundial de Alimentos','Agencia ONU',18851,'Seguridad Alimentaria y Nutrición (SAN)',499,269,230,'Putumayo','2016-07-31 04:02:01','ARCHIVO'),(160,'200708 - 173','OPERACION PROLONGADA DE SOCORRO Y RECUPERACION 200880','ALIMENTOS POR EDUCACION','2015-11-26','2016-03-26','Finalizado','PMA','Programa Mundial de Alimentos','Agencia ONU',7933,'Seguridad Alimentaria y Nutrición (SAN)',210,92,118,'Putumayo','2016-07-31 04:02:03','ARCHIVO'),(161,'200708 - 174','OPERACION PROLONGADA DE SOCORRO Y RECUPERACION 200881','ALIMENTOS POR EDUCACION','2015-11-26','2016-02-26','Finalizado','PMA','Programa Mundial de Alimentos','Agencia ONU',38344,'Seguridad Alimentaria y Nutrición (SAN)',1015,556,459,'Putumayo','2016-07-31 04:02:05','ARCHIVO'),(162,'200708 - 175','OPERACION PROLONGADA DE SOCORRO Y RECUPERACION 200882','ALIMENTOS POR EDUCACION','2015-11-26','2016-02-26','Finalizado','PMA','Programa Mundial de Alimentos','Agencia ONU',105780,'Seguridad Alimentaria y Nutrición (SAN)',2800,1349,1451,'Putumayo','2016-07-31 04:02:07','ARCHIVO'),(163,'200708 - 176','OPERACION PROLONGADA DE SOCORRO Y RECUPERACION 200883','ALIMENTOS POR EDUCACION','2015-11-26','2016-02-26','Finalizado','PMA','Programa Mundial de Alimentos','Agencia ONU',41367,'Seguridad Alimentaria y Nutrición (SAN)',1095,536,559,'Putumayo','2016-07-31 04:02:09','ARCHIVO'),(164,'200708 - 177','OPERACION PROLONGADA DE SOCORRO Y RECUPERACION 200884','ALIMENTOS POR EDUCACION','2015-11-26','2016-02-26','Finalizado','PMA','Programa Mundial de Alimentos','Agencia ONU',51303,'Seguridad Alimentaria y Nutrición (SAN)',1358,644,714,'Putumayo','2016-07-31 04:02:12','ARCHIVO'),(165,'200708 - 178','OPERACION PROLONGADA DE SOCORRO Y RECUPERACION 200885','ALIMENTOS POR EDUCACION','2015-11-26','2016-02-26','Finalizado','PMA','Programa Mundial de Alimentos','Agencia ONU',45939,'Seguridad Alimentaria y Nutrición (SAN)',1216,606,610,'Putumayo','2016-07-31 04:02:14','ARCHIVO'),(166,'200708 - 179','OPERACION PROLONGADA DE SOCORRO Y RECUPERACION 200886','ALIMENTOS POR EDUCACION','2015-11-26','2016-02-26','Finalizado','PMA','Programa Mundial de Alimentos','Agencia ONU',16434,'Seguridad Alimentaria y Nutrición (SAN)',435,217,218,'Putumayo','2016-07-31 04:02:16','ARCHIVO'),(167,'200708 - 180','OPERACION PROLONGADA DE SOCORRO Y RECUPERACION 200887','ALIMENTOS POR EDUCACION','2015-11-26','2016-02-26','Finalizado','PMA','Programa Mundial de Alimentos','Agencia ONU',23385,'Seguridad Alimentaria y Nutrición (SAN)',619,288,331,'Putumayo','2016-07-31 04:02:18','ARCHIVO'),(168,'200708 - 181','OPERACION PROLONGADA DE SOCORRO Y RECUPERACION 200888','ALIMENTOS POR EDUCACION','2015-11-26','2016-02-26','Finalizado','PMA','Programa Mundial de Alimentos','Agencia ONU',55874,'Seguridad Alimentaria y Nutrición (SAN)',1479,722,757,'Putumayo','2016-07-31 04:02:20','ARCHIVO'),(169,'200708 - 182','OPERACION PROLONGADA DE SOCORRO Y RECUPERACION 200889','ALIMENTOS POR CAPACITACION','2015-11-05','2016-03-04','Finalizado','PMA','Programa Mundial de Alimentos','Agencia ONU',11054,'Seguridad Alimentaria y Nutrición (SAN)',399,180,219,'Valle del Cauca','2016-07-31 04:02:23','ARCHIVO'),(170,'200708 - 183','OPERACION PROLONGADA DE SOCORRO Y RECUPERACION 200890','ALIMENTOS POR CAPACITACION','2015-12-14','2016-04-14','En ejecución','PMA','Programa Mundial de Alimentos','Agencia ONU',11761,'Seguridad Alimentaria y Nutrición (SAN)',2486,983,1503,'Valle del Cauca','2016-07-31 04:02:27','ARCHIVO'),(171,'200708 - 184','OPERACION PROLONGADA DE SOCORRO Y RECUPERACION 200891','ALIMENTO POR ACTIVOS','2015-09-08','2016-01-08','Finalizado','PMA','Programa Mundial de Alimentos','Agencia ONU',19351,'Seguridad Alimentaria y Nutrición (SAN)',700,340,360,'Valle del Cauca','2016-07-31 04:02:29','ARCHIVO'),(172,'200708 - 185','OPERACION PROLONGADA DE SOCORRO Y RECUPERACION 200892','ALIMENTOS POR CAPACITACION','2015-11-09','2016-02-09','Finalizado','PMA','Programa Mundial de Alimentos','Agencia ONU',264,'Seguridad Alimentaria y Nutrición (SAN)',8,4,4,'Valle del Cauca','2016-07-31 04:02:32','ARCHIVO'),(173,'200708 - 186','OPERACION PROLONGADA DE SOCORRO Y RECUPERACION 200893','ALIMENTOS POR CAPACITACION','2015-12-07','2016-03-07','Finalizado','PMA','Programa Mundial de Alimentos','Agencia ONU',378,'Seguridad Alimentaria y Nutrición (SAN)',10,7,3,'Valle del Cauca','2016-07-31 04:02:35','ARCHIVO'),(174,'200708 - 187','OPERACION PROLONGADA DE SOCORRO Y RECUPERACION 200894','ALIMENTOS POR CAPACITACION','2015-12-07','2016-04-07','En ejecución','PMA','Programa Mundial de Alimentos','Agencia ONU',73569,'Seguridad Alimentaria y Nutrición (SAN)',1982,814,1168,'Valle del Cauca','2016-07-31 04:02:37','ARCHIVO'),(175,'200708 - 188','OPERACION PROLONGADA DE SOCORRO Y RECUPERACION 200895','SOCORRO COMUNIDADES','2015-11-12','2016-04-12','En ejecución','PMA','Programa Mundial de Alimentos','Agencia ONU',25,'Seguridad Alimentaria y Nutrición (SAN)',1,0,1,'Valle del Cauca','2016-07-31 04:02:40','ARCHIVO'),(176,'200708 - 189','OPERACION PROLONGADA DE SOCORRO Y RECUPERACION 200896','SOCORRO COMUNIDADES','2015-11-17','2016-03-17','Finalizado','PMA','Programa Mundial de Alimentos','Agencia ONU',13,'Seguridad Alimentaria y Nutrición (SAN)',1,0,1,'Valle del Cauca','2016-07-31 04:02:42','ARCHIVO'),(177,'200708 - 190','OPERACION PROLONGADA DE SOCORRO Y RECUPERACION 200897','SOCORRO COMUNIDADES','2015-11-27','2016-03-27','Finalizado','PMA','Programa Mundial de Alimentos','Agencia ONU',164,'Seguridad Alimentaria y Nutrición (SAN)',4,2,2,'Valle del Cauca','2016-07-31 04:02:44','ARCHIVO'),(178,'200708 - 191','OPERACION PROLONGADA DE SOCORRO Y RECUPERACION 200898','SOCORRO COMUNIDADES','2015-12-10','2016-04-10','En ejecución','PMA','Programa Mundial de Alimentos','Agencia ONU',453,'Seguridad Alimentaria y Nutrición (SAN)',18,3,15,'Valle del Cauca','2016-07-31 04:02:47','ARCHIVO'),(179,'200708 - 192','OPERACION PROLONGADA DE SOCORRO Y RECUPERACION 200899','SOCORRO COMUNIDADES','2015-12-10','2016-05-10','En ejecución','PMA','Programa Mundial de Alimentos','Agencia ONU',9845,'Seguridad Alimentaria y Nutrición (SAN)',274,111,163,'Valle del Cauca','2016-07-31 04:02:49','ARCHIVO'),(180,'200708 - 193','OPERACION PROLONGADA DE SOCORRO Y RECUPERACION 200900','ALIMENTO POR ACTIVOS','2015-09-08','2016-01-08','Finalizado','PMA','Programa Mundial de Alimentos','Agencia ONU',11055,'Seguridad Alimentaria y Nutrición (SAN)',400,210,190,'Valle del Cauca','2016-07-31 04:02:51','ARCHIVO'),(181,'200708 - 194','OPERACION PROLONGADA DE SOCORRO Y RECUPERACION 200901','ALIMENTOS POR CAPACITACION','2015-12-09','2016-04-09','En ejecución','PMA','Programa Mundial de Alimentos','Agencia ONU',1397,'Seguridad Alimentaria y Nutrición (SAN)',111,57,54,'Valle del Cauca','2016-07-31 04:02:53','ARCHIVO'),(182,'200708 - 195','OPERACION PROLONGADA DE SOCORRO Y RECUPERACION 200902','SOCORRO COMUNIDADES','2015-11-17','2016-03-17','Finalizado','PMA','Programa Mundial de Alimentos','Agencia ONU',176,'Seguridad Alimentaria y Nutrición (SAN)',14,9,5,'Valle del Cauca','2016-07-31 04:02:55','ARCHIVO'),(183,'200708 - 196','OPERACION PROLONGADA DE SOCORRO Y RECUPERACION 200903','SOCORRO COMUNIDADES','2015-11-17','2016-04-17','En ejecución','PMA','Programa Mundial de Alimentos','Agencia ONU',15159,'Seguridad Alimentaria y Nutrición (SAN)',688,360,328,'Valle del Cauca','2016-07-31 04:02:57','ARCHIVO'),(184,'200708 - 197','OPERACION PROLONGADA DE SOCORRO Y RECUPERACION 200904','SOCORRO COMUNIDADES','2015-11-05','2016-03-04','Finalizado','PMA','Programa Mundial de Alimentos','Agencia ONU',22064,'Seguridad Alimentaria y Nutrición (SAN)',798,397,401,'Valle del Cauca','2016-07-31 04:02:59','ARCHIVO'),(185,'200708 - 198','OPERACION PROLONGADA DE SOCORRO Y RECUPERACION 200905','ALIMENTOS POR CAPACITACION','2015-11-05','2016-03-04','Finalizado','PMA','Programa Mundial de Alimentos','Agencia ONU',5195,'Seguridad Alimentaria y Nutrición (SAN)',376,130,246,'Valle del Cauca','2016-07-31 04:03:01','ARCHIVO'),(186,'200708 - 199','OPERACION PROLONGADA DE SOCORRO Y RECUPERACION 200906','ALIMENTOS POR CAPACITACION','2015-11-17','2016-03-16','Finalizado','PMA','Programa Mundial de Alimentos','Agencia ONU',28296,'Seguridad Alimentaria y Nutrición (SAN)',1024,365,659,'Valle del Cauca','2016-07-31 04:03:03','ARCHIVO'),(187,'200708 - 200','OPERACION PROLONGADA DE SOCORRO Y RECUPERACION 200907','ALIMENTOS POR CAPACITACION','2015-11-17','2016-03-16','Finalizado','PMA','Programa Mundial de Alimentos','Agencia ONU',6652,'Seguridad Alimentaria y Nutrición (SAN)',495,206,289,'Valle del Cauca','2016-07-31 04:03:05','ARCHIVO'),(188,'200708 - 201','OPERACION PROLONGADA DE SOCORRO Y RECUPERACION 200908','ALIMENTO POR ACTIVOS','2015-11-19','2016-02-19','Finalizado','PMA','Programa Mundial de Alimentos','Agencia ONU',768,'Seguridad Alimentaria y Nutrición (SAN)',39,19,20,'Valle del Cauca','2016-07-31 04:03:07','ARCHIVO'),(189,'200708 - 202','OPERACION PROLONGADA DE SOCORRO Y RECUPERACION 200909','ALIMENTO POR ACTIVOS','2015-11-19','2016-03-19','Finalizado','PMA','Programa Mundial de Alimentos','Agencia ONU',19136,'Seguridad Alimentaria y Nutrición (SAN)',761,353,408,'Valle del Cauca','2016-07-31 04:03:09','ARCHIVO'),(190,'200708 - 203','OPERACION PROLONGADA DE SOCORRO Y RECUPERACION 200910','ALIMENTO POR ACTIVOS','2015-11-05','2016-03-04','Finalizado','PMA','Programa Mundial de Alimentos','Agencia ONU',22156,'Seguridad Alimentaria y Nutrición (SAN)',301,127,174,'Valle del Cauca','2016-07-31 04:03:10','ARCHIVO'),(191,'200708 - 204','OPERACION PROLONGADA DE SOCORRO Y RECUPERACION 200911','SOCORRO COMUNIDADES','2015-11-25','2016-03-25','Finalizado','PMA','Programa Mundial de Alimentos','Agencia ONU',201,'Seguridad Alimentaria y Nutrición (SAN)',8,5,3,'Valle del Cauca','2016-07-31 04:03:13','ARCHIVO'),(192,'200708 - 205','OPERACION PROLONGADA DE SOCORRO Y RECUPERACION 200912','SOCORRO COMUNIDADES','2015-11-25','2016-04-25','En ejecución','PMA','Programa Mundial de Alimentos','Agencia ONU',7326,'Seguridad Alimentaria y Nutrición (SAN)',292,136,156,'Valle del Cauca','2016-07-31 04:03:15','ARCHIVO'),(193,'200708 - 206','OPERACION PROLONGADA DE SOCORRO Y RECUPERACION 200913','ALIMENTO POR ACTIVOS','2015-11-05','2016-03-04','Finalizado','PMA','Programa Mundial de Alimentos','Agencia ONU',69,'Seguridad Alimentaria y Nutrición (SAN)',5,0,5,'Valle del Cauca','2016-07-31 04:03:17','ARCHIVO'),(194,'200708 - 207','OPERACION PROLONGADA DE SOCORRO Y RECUPERACION 200914','ALIMENTOS POR CAPACITACION','2015-11-05','2016-03-04','Finalizado','PMA','Programa Mundial de Alimentos','Agencia ONU',3861,'Seguridad Alimentaria y Nutrición (SAN)',280,129,151,'Valle del Cauca','2016-07-31 04:03:19','ARCHIVO'),(195,'COD5AL','Mejorado el acceso a agua segura de los hombres, mujeres, niños y niñas afectados por el derrame de hidrocarburos en el río Mira. Municipio de Tumaco. Nariño','Agua, saneamiento y promoción de la higiene: mejora del acceso a agua potable, infraestructura de saneamiento y las condiciones de higiene y prácticas','2015-01-10','2016-04-01','En ejecución','ACH - Bogotá','Acción Contra el Hambre - Bogotá','ONG Internacional',246950,'Agua, saneamiento e higiene (WASH)',1980,0,0,'Nariño','2016-07-31 04:03:22','ARCHIVO'),(196,'K-COL-2015-4095','Contribuir a mejorar las condiciones de vida  de la población campesina, indígenas y afro afectada por el conflicto armado colombiano en los Departamentos del Cauca, Costa Pacífica Caucana, Guaviare y',' ','2015-10-01','2017-02-28','En ejecución','','Diakonie Katastrophenhilfe Apoyo en Emergencias','ONG Internacional',750000,'Seguridad Alimentaria y Nutrición (SAN)-Protección-Agua, saneamiento e higiene (WASH)',1720,0,0,'Guaviare','2016-07-31 04:03:24','ARCHIVO'),(197,'4620','Humanitarian Assistance to Vulnerable Populations Affected by Floods in the Rural Area of Arauquita','La estrategia de intervención se centra en la distribución de kits para la seguridad alimentaria de emergencia en base al estándar de la ayuda humanitaria que ofrece la UNGRD, bonos para la recuperación de los medios de vida sostenibles y NFIs, junto con la capacitación de los beneficiarios-as en la promoción de la higiene (eliminación de residuos sólidos, prácticas de higiene saludables) y Reducción del Riesgo de Desastres (RRD). El proyecto está dirigido a 602 familias (2.323 personas) de 19 p','2015-10-05','2016-04-04','En ejecución','FLM','Federación Luterana Mundial','ONG Internacional',249998,'Género-Temas Transversales-Seguridad Alimentaria y Nutrición (SAN)-Recuperación Temprana-Agua, saneamiento e higiene (WASH)',2323,1267,1056,'Arauca','2016-07-31 04:03:26','ARCHIVO'),(198,'151','COLOMBIA, INUNDACIONES DE ARAUCA','Atención humanitaria a 9 comunidades rivereñas de Saravena afectadas por las inundaciones de mayo y junio de 2015 en los sectores de Seguridad alimentaria, Agua y Saneamiento y Gestión del Riesgo con atención pisicosocial.','2015-07-01','2016-06-30','En ejecución','FLM','Federación Luterana Mundial','ONG Internacional',309382,'Temas Transversales-Seguridad Alimentaria y Nutrición (SAN)-Recuperación Temprana-Agua, saneamiento e higiene (WASH)-Género',3994,1842,2152,'Arauca','2016-07-31 04:03:28','ARCHIVO'),(199,'4621','ASISTENCIA HUMANITARIA PARA LA POBLACIÓN RURAL AFECTADA POR LAS INUNDACIONES EN EL MUNICIPIO DE SARAVENA EN EL DEPARTAMENTO DE ARAUCA, COLOMBIA','Atención humanitaria a 9 comunidades rivereñas de Saravena afectadas por las inundaciones de mayo y junio de 2015 en los sectores de Seguridad alimentaria, Agua y Saneamiento y Gestión del Riesgo con atención pisicosocial.','2015-08-01','2016-05-31','En ejecución','FLM','Federación Luterana Mundial','ONG Internacional',272727,'Género-Temas Transversales-Seguridad Alimentaria y Nutrición (SAN)-Recuperación Temprana-Agua, saneamiento e higiene (WASH)',2999,1316,1683,'Arauca','2016-07-31 04:03:30','ARCHIVO'),(200,'COLC43','Atención de la emergencia por el desabastecimiento de agua a las comunidades indígenas rurales en el municipio de Uribia del departamento de La Guajira','Realizar la optimización del suministro de agua, a tráves del mejoramiento de las condiciones del pozos artesanales existentes,  instalación de sistema de bombeo solar-fotovoltaico, con sus respectivos tanques para almacenamiento y entrega de dotación para el manejo adecuado del agua. Realizar la rehabilitación del sistema de suministro de agua, a través de las reparaciones a  molinos de viento existente, limpieza al pozo subterráneo, y entrega de dotación para el manejo seguro del agua.  Constr','2015-06-25','2016-06-30','En ejecución','Oxfam GB','Oxfam Gran Bretaña','ONG Internacional',395113,'Agua, saneamiento e higiene (WASH)',3520,0,0,'La Guajira','2016-07-31 04:03:32','ARCHIVO'),(201,'COLC44','Reducción de los altos índices de morbilidad y mortalidad de la población vulnerable (niños, niñas con énfasis en menores de 5 años, madres gestantes, madres lactantes, adultos mayores) en el área rur','Se contribuye a mejorar las condiciones  de acceso de agua apta para el consumo humano, en cantidad y calidad, a las escuelas y familias priorizadas por el proyecto a través de la adecuación y/o rehabilitación de sistemas de abastecimiento de agua y entrega de filtros caseros e instalación de desalinizadores para el tratamiento del agua. Se fortalecen la resiliencia y las capacidades de las comunidades, escuelas y gobierno municipal  de Manaure para gestionar, mantener y usar de forma autónoma y','2015-08-05','2016-06-14','En ejecución','Oxfam GB','Oxfam Gran Bretaña','ONG Internacional',409562,'Agua, saneamiento e higiene (WASH)',1027,0,0,'La Guajira','2016-07-31 04:03:35','ARCHIVO'),(202,'LM.0268','Contribuir a la protección de los derechos laborales con énfasis en migrantes en proyectos extractivos de gran escala en el departamento del Meta','Contribuir a la protección de los derechos laborales de in migrantes externos e internos en proyectos de los sectores de minas y de petróleos ','2015-04-01','2016-03-31','En ejecución','OIM','Organización Internacional para las Migraciones','Agencia ONU',291604,'Protección',160,0,0,'Meta','2016-07-31 04:03:37','ARCHIVO'),(203,'RT.1130','Diseño de acciones de respuesta integral planificada a la migración desordenada en zonas de frontera del departamento de La Guajira - Colombia','Contribuir a que los ciudadanos colombianos retornados de Venezuela reciban respuestas institucionales y comunitarias, integrales, oportunas y relevantes para su protección y atención en zonas de frontera del departamento de La Guajira.','2015-06-01','2016-04-01','En ejecución','OIM','Organización Internacional para las Migraciones','Agencia ONU',50000,'Protección',200,0,0,'La Guajira','2016-07-31 04:03:39','ARCHIVO'),(204,'CS.0721','Mejoramiento Educativo como Estrategia de Estabilización Comunitaria en Zonas de Frontera - Colombia','El proyecto tiene como objetivo contribuir a mejorar la cobertura y pertinencia de la educación de niños, adolescentes y jóvenes (NNAJ) en  departamentos y municipios colombianos priorizados por el Ministerio de Relaciones Exteriores (MRE) en el marco del Plan Fronteras para la Prosperidad (PFP) y la estrategia ?Más y mejores espacios escolares','2015-08-21','2016-12-31','En ejecución','OIM','Organización Internacional para las Migraciones','Agencia ONU',3218242,'Recuperación Temprana-Educación en Emergencia (EeE)',2940,0,0,'Amazonas-Arauca-Boyacá-Chocó-Guainía-Nariño-Norte de Santander-Putumayo-Vaupés-Vichada','2016-07-31 04:03:41','ARCHIVO'),(205,'RT.1139','Apoyo al Plan de Retorno Positivo del Ministerio de Relaciones ','Contribuir a generar mecanismos adecuados de orientación a  colombianos que regresan al país en situación de vulnerabilidad en materia de alternativas de inserción social, laboral, productiva y atención inmediata en el momento de retornar a Colombia','2015-08-20','2016-04-20','En ejecución','OIM','Organización Internacional para las Migraciones','Agencia ONU',120768,'Recuperación Temprana',220,0,0,'Atlántico','2016-07-31 04:03:50','ARCHIVO'),(206,'1.41818E+11','Fortalecimiento Estructural de la Asistencia e Integración de población Víctima en el Departamento del Caquetá. FORTES','Ha mejorado el aprovechamiento de las ofertas estatales y no estatales de asistencia e integración para desplazados internos en el departamento de Caquetá. El proyecto fomenta la mejora del asesoramiento y la asistencia a desplazados internos, así como la integración socioeconómica de éstos en el departamento de Caquetá, tanto a nivel de municipios como en la coordinación con el nivel nacional.','2014-08-01','2017-03-31','En ejecución','GIZ','Deutsche Gesellschaft für Internationale Zusammenarbeit','ONG Internacional',2775000,'Temas Transversales',1330,0,0,'Caquetá','2016-07-31 04:03:52','ARCHIVO'),(207,'DK-Temp-01-2015','Schaffung und Wiederherstellung von sicheren und menschenwürdigen Lebensbedingungen für die vom bewaffneten Konflikt betroffene Bevölkerung im Department Caquetá','Establecer condiciones de vida seguras y humanas por la populación afectada por el conflicto armado en el depatamento Caquetá','2015-08-01','2017-07-31','En ejecución','','Diakonie Katastrophenhilfe Apoyo en Emergencias','ONG Internacional',845563,'Temas Transversales',0,0,0,'Caquetá','2016-07-31 04:03:54','ARCHIVO'),(208,'DCV 226-000/2014','Fomento a la resiliencia y mejora de la situación alimenticia de minorías étnicas afectados por el conflicto armado en la Sierra Nevada de Santa Marta, Colombia.','Fomento a la seguridad alimentaria de 8 comunidades de minorías étnicas afectados por el conflicto armado en la Sierra Nevada de Santa Marta y aumento de su resiliencia frente riesgos climáticos, especialmente en términos del abastecimiento con alimentos.','2014-11-01','2017-10-31','En ejecución','Caritas Alemania','Caritas Alemania','Agencia Cooperación',888019,'Seguridad Alimentaria y Nutrición (SAN)-Alojamiento y ayuda no alimentaria',2060,0,0,'Magdalena-La Guajira','2016-07-31 04:03:57','ARCHIVO'),(209,'DCV-Temp-02-2015','Ayuda Humanitaria, protección y resiliencia para la población afectada por el conflicto en el Suroccidente de Colombia.','Ayuda Humanitaria, protección y fortalecimiento de la resiliencia a población afectada por el conflicto en los departamentos de Cauca y Nariño. ','2015-07-01','2016-12-31','En ejecución','Caritas Alemania','Caritas Alemania','Agencia Cooperación',1135530,'Agua, saneamiento e higiene (WASH)-Alojamiento y ayuda no alimentaria-Protección-Seguridad Alimentaria y Nutrición (SAN)',6045,0,0,'Cauca-Nariño','2016-07-31 04:03:59','ARCHIVO'),(210,'7F- 07856.02','Integración de los enfoque de Acción sin Daño y Justicia Transicional en el proceso de Restitución de Tierras','Integrar reflexiones y herramientas de los enfoques de Acción sin Daño y Justicia Transicional Civil con el fin de reducir efectos negativos e impactar de manera positiva y transformadora los contextos en que se desarrolla la restitución de tierras.','2014-05-01','2016-05-01','En ejecución','COSUDE','Agencia Suiza para el Desarrollo y la Cooperación','Agencia Cooperación',2600000,'Protección',890,0,0,'Antioquia','2016-07-31 04:04:02','ARCHIVO'),(211,'7F-09231.01.01','Proyecto ASIR (Agua y Saneamiento Integral en áreas rurales) Colombia.','Restablecimiento: mejora de las condiciones de vida y promoción del desarrollo local en comunidades rurales afectadas por el desplazamiento forzado. Abogacía para la formulación e implementación de modelos de gestión del agua y el saneamiento con enfoque territorial','2014-12-01','2017-01-01','En ejecución','COSUDE','Agencia Suiza para el Desarrollo y la Cooperación','Agencia Cooperación',2212393,'Seguridad Alimentaria y Nutrición (SAN)-Agua, saneamiento e higiene (WASH)',74000,0,0,'Valle del Cauca-Cauca','2016-07-31 04:04:05','ARCHIVO'),(212,'7F-COSUDE.2015','Mejoramiento de las condiciones de vida y la resiliencia de comunidades indígenas y afrodescendientes del municipio de Riosucio (Bajo Atrato, Choco), a través de soluciones de acceso a agua y saneamie','Esta propuesta contribuye al mejoramiento de las condiciones actuales de acceso a agua y sanea-miento de la siguiente manera: - 10 comunidades indígenas nuevas mediante:o sistemas de abastecimiento de agua, o baterías sanitarias  (1/escuela/comunidad) y o fortalecimiento de los comités de agua, con un fuerte componente de mitigación de riesgos y trabajo de enfoque de género buscando visibilizar los roles de las mujeres y los hombres y promoviendo la participación de las mujeres en los procesos d','2015-08-20','2017-02-17','En ejecución','Oxfam GB','Oxfam Gran Bretaña','ONG Internacional',370827,'Agua, saneamiento e higiene (WASH)',47502,0,0,'Chocó','2016-07-31 04:04:07','ARCHIVO'),(213,'MdM-Canada-01-15','Acceso a servicios de salud primaria, agua segura y a la protección  para las poblaciones rurales indígenas y campesinas afectadas por el conflicto armado en 6 municipalidades de Meta.','* servicios Móviles de salud Primaria y Apoyo psicosocial.*Implementación de Servicios de prevención, control y tratamiento de la desnutrición aguda de los niños/as, gestantes y lactantes y de la población indígena.*Acceso a agua segura.*Acceso a los servicios de salud y legal para las víctimas del conflicto armado','2015-04-01','2016-03-01','Finalizado','','Médicos del Mundo- Francia','ONG Internacional',610590,'Seguridad Alimentaria y Nutrición (SAN)-Salud-Agua, saneamiento e higiene (WASH)',11000,0,0,'Meta','2016-07-31 04:04:10','ARCHIVO'),(214,'ECHO/Prov/HAI/2015/01','Ensuring the appropriate inclusion of older aged IDPs and host community members affected by internal conflict through emergency assistance, protection and early recovery.','Ensuring the appropriate inclusion of older aged IDPs and host community members affected by internal conflict through emergency assistance, protection and early recovery.','2015-08-01','2016-07-01','En ejecución','HelpAge','HelpAge International','ONG Internacional',505043,'Agua, saneamiento e higiene (WASH)-Protección-Salud-Seguridad Alimentaria y Nutrición (SAN)',4369,0,0,'Caquetá-Nariño-Valle del Cauca','2016-07-31 04:04:12','ARCHIVO'),(215,'ECHO/Prov/SI/2015/01','Humanitarian assistance for doubly-affected communities (by conflict and natural disasters) in theDepartments of Nariño and Valle del Cauca (Colombia)','Humanitarian assistance for doubly-affected communities (by conflict and natural disasters) in theDepartments of Nariño and Valle del Cauca (Colombia)','2015-08-01','2016-08-01','En ejecución','APS - Bogotá','Alianza por la Solidaridad - Bogotá','ONG Internacional',519859,'Salud Mental y Apoyo Psicosocial-Temas Transversales-Seguridad Alimentaria y Nutrición (SAN)-Protección-Agua, saneamiento e higiene (WASH)',2652,1272,1380,'Nariño-Valle del Cauca','2016-07-31 04:04:16','ARCHIVO'),(216,'COA1AL','Promote a comprehensive and coordinated response that addresses the protection and humanitarian attention gaps of women, men and children directly affected by the internal armed conflict in the Putuma','','2015-08-01','2016-07-31','En ejecución','ACH - Bogotá','Acción Contra el Hambre - Bogotá','ONG Internacional',454545,'Seguridad Alimentaria y Nutrición (SAN)-Alojamiento y ayuda no alimentaria-Agua, saneamiento e higiene (WASH)',6730,0,0,'Putumayo','2016-07-31 04:04:20','ARCHIVO'),(217,'7F-08497.02','Prevención y protección de niños/as, adolescentes y Jovenes (NNAJ) frente al reclutamiento, vinculación y utilización por parte de actores armados, y fortalecimiento de capacidades y medios de vida en','Protección de NNAJ afectados por el conflicto armado y/o en alto riesgo de reclutamiento forzado en 5 comunidades de Tierralta, Córdoba y 11 comunidades de Buenaventura, Valle del Cauca. Mejoramiento de las condiciones de vida en estas comunidades través de la recuperación de medios de vida (agua segura, seguridad alimentaria, saneamiento básico).','2014-12-01','2016-11-30','En ejecución','','Diakonie Katastrophenhilfe Apoyo en Emergencias','ONG Internacional',800000,'Seguridad Alimentaria y Nutrición (SAN)-Recuperación Temprana-Protección-Agua, saneamiento e higiene (WASH)',6413,3079,334,'Córdoba-Valle del Cauca','2016-07-31 04:04:22','ARCHIVO'),(218,'COD5AK','Mejora de las condiciones de salud a través del acceso a agua segura, saneamiento e higiene de los hombres, mujeres, niños y niñas vulnerables por el conflicto armado, en el corregimiento de Tierraden','Se distribuirán 400 tanques con capacidad volumétrica de 250 litros, cuyos materiales son inertes, de fácil limpieza y transporte, que no permitan la entrada de roedores o insectos ni que generen riesgos a la salud de las personas, para así mejorar las condiciones de almacenamiento de agua y aumentar su capacidad de almacenamiento a nivel familiar, asegurando un mínimo de 20 litros/persona/día. De igual manera se entregarán 400 sistemas familiares para el tratamiento de agua, los cuales son cons','2015-08-26','2016-02-25','Finalizado','ACH - Bogotá','Acción Contra el Hambre - Bogotá','ONG Internacional',110000,'Agua, saneamiento e higiene (WASH)',2000,0,0,'Córdoba','2016-07-31 04:04:24','ARCHIVO'),(219,'COJ1AA','Innovación para suministro de asistencia humanitaria alimentaria de forma ágil, transparente y digna (Putumayo, Colombia)','','2015-12-01','2016-11-30','En ejecución','ACH - Bogotá','Acción Contra el Hambre - Bogotá','ONG Internacional',143000,'Seguridad Alimentaria y Nutrición (SAN)',737,0,0,'Putumayo','2016-07-31 04:04:27','ARCHIVO'),(220,'TdH-2015-1','Protección, Salud y WASH para NNA víctimas del conflicto armado','PROTECCION: Identificación, seguimiento y remisión de casos (violencia intrafamiliar, sexual, abuso, maltrato, etc.). Prevención del reclutamiento por grupos armados, reporte de casos identificados. Fortalecimiento de las capacidades de protección al nivel comunitario y auto-protección de los NNA.SALUD: Identificación, seguimiento y remisión de casos de malnutrición y enfermedades prevalentes de la infancia. Barridos nutricionales, seguimiento y restablecimiento de NNA en situación de desnutrici','2015-01-01','2018-01-31','En ejecución','FTH','Fundación Tierra de Hombres','ONG Internacional',1200000,'Salud-Protección-Agua, saneamiento e higiene (WASH)',7000,0,0,'Córdoba','2016-07-31 04:04:29','ARCHIVO'),(221,'ECHO/-SM/BUD/2015/91016','Strengthen the resilience of rural communities in the department of Guajira, enhancing institutionalcapacities in DRM and reducing disaster related risks','Strengthen the resilience of rural communities in the department of Guajira, enhancing institutionalcapacities in DRM and reducing disaster related risks','2015-04-01','2016-09-30','En ejecución','CRA','Cruz Roja Alemana','Mvto Cruz Roja',784090,'Recuperación Temprana',2000,0,0,'La Guajira','2016-07-31 04:04:31','ARCHIVO'),(222,'72400116','Enhance education institutions and communities capacities for disaster preparedness and protectedenvironment for children.','Enhance education institutions and communities capacities for disaster preparedness and protectedenvironment for children.','2015-04-01','2016-09-30','En ejecución','Save the Children UK','Save the Children UK','ONG Internacional',529603,'Educación en Emergencia (EeE)',2360,0,0,'Nariño-Cauca','2016-07-31 04:04:34','ARCHIVO'),(223,'CRC-01','Proyecto DIPECHO IX, Fortalecimiento de la resiliencia de comunidades rurales  en el departamento de la Guajira y fortalecimiento de capacidades institucionales en el manejo de desastres y reducción d','?Reducir vulnerabilidad y aumentar la resiliencia comunitaria                        *Incrementar la apropiación de los gobiernos locales en materia de Gestión de Riesgo de Desastres                         *Apoyar el proceso de una mayor vinculación de las FFMM en la Gestión de Riesgo de Desastres','2015-04-01','2016-08-01','En ejecución','CRC','Cruz Roja Colombiana','Mvto Cruz Roja',730510,'Recuperación Temprana',9132,0,0,'La Guajira','2016-07-31 04:04:36','ARCHIVO'),(224,'CRC-03','FOMENTO DEL DESARROLLO SOCIOECONÓMICO Y APOYO A LA CONSTRUCCIÓN DE LA PAZ EN COMUNIDADES VULNERABLES DE ZONAS RURALES EN CONTEXTO DE CONFLICTO ARMADO DE LOS DEPARTAMENTOS  DE ARAUCA Y  HUILA','Fortalecer el desarrollo local integral, participativo y sostenible de 1.500 familias de comunidades de desplazados y colectivos vulnerables en áreas rurales afectadas por el conflicto armado en las municipalidades de Arauquita y Saravena (Dpto. Arauca), y Colombia, Baraya y Tello (Dpto. Huila); mejorando sus fuentes generadoras de ingresos y fortaleciendo sus derechos económicos, sociales, culturales, civiles y políticos','2014-04-15','2016-04-16','En ejecución','CRC','Cruz Roja Colombiana','Mvto Cruz Roja',793490,'Temas Transversales',1500,0,0,'Arauca-Huila','2016-07-31 04:04:38','ARCHIVO'),(225,'CS.0562','Gerencia de proyectos de reconstrucción de infraestructura de acueducto o saneamiento básico afectada por el fenómeno de la niña 2010 - 2011 en Chocó - Colombia','El proyecto tiene como objetivo contribuir a la estabilización comunitaria a través de la reconstrucción de infraestructura de agua potable y saneamiento básico afectada por el Fenómeno de la Niña 2010-2011 en 14 municipios del departamento de Chocó.  ','2014-03-04','2016-03-03','Finalizado','OIM','Organización Internacional para las Migraciones','Agencia ONU',1216906,'Agua, saneamiento e higiene (WASH)',0,0,0,'Chocó','2016-07-31 04:04:40','ARCHIVO'),(226,'CS.0641','Generación del infraestructura educativa en el marco del Plan de Acción sectorial del Departamento del Chocó - Colombia','El proyecto tiene por objeto contribuir a garantizar el acceso a la educación a niños, niñas y jóvenes en el  departamento de Choco en zonas urbanas y rurales. Lo anterior en desarrollo del Plan de Desarrollo Educativo del Choco','2014-07-18','2016-04-30','En ejecución','OIM','Organización Internacional para las Migraciones','Agencia ONU',5116675,'Recuperación Temprana-Educación en Emergencia (EeE)',3155,0,0,'Chocó','2016-07-31 04:04:43','ARCHIVO'),(227,'RP.0074','Implementación del Sistema de Información VIVANTO de la Unidad de Administrativa Especial para la Atención y Reparación Integral a las Víctimas (UARIV) - Colombia','contribuir a la consolidación de los sistemas y procesos en la Unidad Administrativa Especial para la Atención y Reparación Integral a las Víctimas (UARIV) para la trazabilidad de la víctima desde su declaración hasta la cesación de su vulnerabilidad, incluyendo enfoque diferencial y sujetos colectivos.','2015-02-01','2016-02-15','Finalizado','OIM','Organización Internacional para las Migraciones','Agencia ONU',126156,'Protección',9,0,0,'Bogotá D.C.','2016-07-31 04:04:45','ARCHIVO'),(228,'CS.0694','Convenio Unidades Móviles ','Contribuir a la promoción de los Derechos y la Protección Integral de niños, niñas y adolescentes (NNA) víctimas del conflicto armado interno y sus familias en el marco del postconflicto y la preparación para la paz','2015-05-22','2016-05-31','En ejecución','OIM','Organización Internacional para las Migraciones','Agencia ONU',10353547,'Protección',83647,0,0,'Nacional-Antioquia-Atlántico-Bolivar-Boyacá-Caldas-Caquetá-Cauca-Cesar-Córdoba-Cundinamarca-Chocó-Huila-La Guajira-Magdalena-Meta-Nariño-Norte de Santander-Quindío-Risaralda-Santander-Sucre-Tolima-Val','2016-07-31 04:04:47','ARCHIVO'),(229,'DCV 226-012/2014','Ayuda humanitaria para la población afectada por el conflicto armado en la región de Urabá  y Bajo Cauca, Colombia. ','Responder a las necesidades humanitarias de la población vulnerable afectada por el conflicto en Colombia. ','2015-01-15','2016-01-14','Finalizado','Caritas Alemania','Caritas Alemania','Agencia Cooperación',625000,'Salud Mental y Apoyo Psicosocial-Género-Temas Transversales-Seguridad Alimentaria y Nutrición (SAN)-Protección-Alojamiento y ayuda no alimentaria-Agua, saneamiento e higiene (WASH)',3790,0,0,'Antioquia-Atlántico-Boyacá-Chocó-Córdoba-Cundinamarca-Magdalena-Nariño','2016-07-31 04:05:10','ARCHIVO'),(230,'OSRO/COL/502/EC','Strengthening the Resilience of the Agricultural Sector in Colombia, by implementing a strategy of Agro-climatic Risk Management and its potential application in different territorial levels.','Improve the resilience of rural livelihoods in Colombia through the implementation of institutional and community-based initiatives that aim to protect agriculture production and food security to severe climate shocks.','2015-04-01','2016-09-30','En ejecución','FAO','Organización de las Naciones Unidas para la Agricultura y la Alimentación','Agencia ONU',541712,'Sostenibilidad ambiental-Seguridad Alimentaria y Nutrición (SAN)-Recuperación Temprana',2500,0,0,'Chocó','2016-07-31 04:05:18','ARCHIVO'),(231,'CC7502','Dándole una oportunidad a la VIDA: Prevención de Suicidios en Niños, Niñas, Adolescentes y jóvenes adultos de la Comunidad indígena Embera (Alto Baudó, Chocó, Colombia)','Atención en salud mental a niños, niñas, jóvenes, adolescentes y adultos que ha hecho intento de suicidio y a familias de personas que han logrado suicidarse','2014-10-01','2016-09-30','En ejecución','H.A.I - Chocó','Heartland Alliance for Human Needs and Human Rights - Chocó','ONG Internacional',220000,'Salud',1000,0,0,'Chocó','2016-07-31 04:05:20','ARCHIVO'),(232,'14-CO1-633','Reducir la vulnerabilidad de las personas afectadas por el conflicto armado y asegurar la participación, empoderamiento, no discriminación y generación de alianzas, involucrando a las comunidades y a ','','2015-01-01','2018-12-31','En ejecución','APS - Bogotá','Alianza por la Solidaridad - Bogotá','ONG Internacional',3291592,'Seguridad Alimentaria y Nutrición (SAN)-Salud-Protección-Agua, saneamiento e higiene (WASH)',24045,11819,12226,'Cauca-Nariño-Valle del Cauca','2016-07-31 04:05:23','ARCHIVO'),(233,'COF2AH','WASH and Protection Humanitarian Response to People Affected by Armed Conflict in Nariño, Colombia ','This proposal is designed and responds to the humanitarian needs identified in a complex and protracted crisis such as in Nariño. The humanitarian context combines high levels of suffering among population (confined, IDPs) both because of threats against their lives and physical integrity of people, and the increased lack of basic services (public health and, especially water, sanitation and hygiene ? WASH).','2015-04-01','2016-03-31','En ejecución','ACH - Bogotá','Acción Contra el Hambre - Bogotá','ONG Internacional',1061697,'Agua, saneamiento e higiene (WASH)',15000,7350,7650,'Nariño','2016-07-31 04:05:27','ARCHIVO'),(234,'COF7AB','Humanitarian assistance for vulnerable populations affected by the internal conflict and the armed violence in the departments of Cordoba, Putumayo and Nariño, Colombia.','This proposal is designed and responds to the humanitarian needs identified in a complex and protracted crisis such as in Nariño, Cordoba and Putumayo.Water, Sanitation and Hygiene (WASH) Improved access to safe water, to sanitation facilities and improved hygiene practices in men, women, children affected by conflict in the departments of Putumayo, Cordoba and Nariño.Nutrition and health.Reduced Anaemia prevalence and treatment of identified GAM cases in children and pregnant and lactating moth','2015-04-01','2016-03-31','En ejecución','ACH - Bogotá','Acción Contra el Hambre - Bogotá','ONG Internacional',665616,'Seguridad Alimentaria y Nutrición (SAN)-Agua, saneamiento e higiene (WASH)',12950,6453,6496,'Córdoba-Nariño-Putumayo','2016-07-31 04:05:29','ARCHIVO'),(235,'4619-27','ASISTENCIA HUMANITARIA A LAS POBLACIONES VULNERABLES AFECTADAS POR EL CONFLICTO EN LAS ZONAS RURALES DEL CHOCÓ','Esta acción se dirige a 21 comunidades afrocolombianas e indígenas de las zonas rurales del Medio Atrato y Bojayá, que se enfrentan a las consecuencias humanitarias de los conflictos armados y los desastres naturales frecuentes. La acción se centra en proporcionar acceso a agua potable y mejores prácticas de higiene, asistencia para la seguridad alimentaria y los medios de subsistencia, y medidas de reducción del riesgo de desastres.','2015-03-01','2016-03-31','En ejecución','FLM','Federación Luterana Mundial','ONG Internacional',422955,'Seguridad Alimentaria y Nutrición (SAN)-Protección-Agua, saneamiento e higiene (WASH)',4275,2042,0,'Chocó','2016-07-31 04:05:32','ARCHIVO'),(236,'HI-2015-7','Reforzamiento de los servicios de reabilitación en colombia','Reforzar los centros de rehabilitación física rurales y las capacidades de los estudiantes de áreas afines','2014-01-01','2017-12-31','En ejecución','HI','Handicap Internacional','ONG Internacional',0,'Salud',978,0,0,'Cauca-Nariño','2016-07-31 04:05:34','ARCHIVO'),(237,'842377','Mejormiento sostenible de la situacion alimentario y de agua potable','Fortalecimiento de la sociedad civil local para el requerimiento de los derechos humanos, para la alimentaciòn y el acceso a la tierra y agua, producciòn agroecologica, fortalecimiento de las iniciativas de comercializaciòn','2015-01-01','2016-01-01','Finalizado','HEKS/EPER','Hilfswerk der Evangelischen Kirchen Schweiz','Iglesia/Otro',0,'Agua, saneamiento e higiene (WASH)',5,0,0,'Norte de Santander','2016-07-31 04:05:39','ARCHIVO'),(238,'COFE1501','Education in Colombia','Professional Development and Capacity Building; Basic Youth Education and Training; Participation in Advocacy and Policy Initiatives','2015-01-01','2016-01-01','Finalizado','NRC','Consejo Noruego para Refugiados','ONG Internacional',759493,'Protección-Educación en Emergencia (EeE)',14091,6700,7391,'Magdalena-Norte de Santander','2016-07-31 04:05:43','ARCHIVO'),(239,'COFL1501','Improve access to registration, immediate Humanitarian Assistance and HLP rights for displaced persons. ','Procedures for IDP Registration; Housing, Land and Property','2015-01-01','2016-01-01','Finalizado','NRC','Consejo Noruego para Refugiados','ONG Internacional',1658227,'Protección',19448,9530,9918,'Cauca-Magdalena-Nariño-Norte de Santander','2016-07-31 04:05:47','ARCHIVO'),(240,'COFE1504','Education in Emergency - SIDA','Facilitate access to protective learning environments to recently displaced children ','2015-01-15','2016-01-15','Finalizado','NRC','Consejo Noruego para Refugiados','ONG Internacional',520000,'Protección-Educación en Emergencia (EeE)',2200,1075,1125,'Cauca-Nariño-Norte de Santander','2016-07-31 04:05:52','ARCHIVO'),(241,'COFY1502','Response to Gender Based Violence in Colombia','Prevent and respond to Gender Based Vilonce in communities affected by forced displacement','2015-05-01','2016-03-01','Finalizado','NRC','Consejo Noruego para Refugiados','ONG Internacional',260000,'Género-Temas Transversales',5491,1789,3662,'Norte de Santander-Nariño-Magdalena-Cauca','2016-07-31 04:05:59','ARCHIVO'),(242,'COFE1505','Protection and Humanitarias Assistances IDPs to Colombia','Conflict-affected children promptly access education in protective spaces','2015-06-01','2016-06-01','En ejecución','NRC','Consejo Noruego para Refugiados','ONG Internacional',381329,'Protección-Educación en Emergencia (EeE)',4000,1800,0,'Cauca-Nariño-Norte de Santander','2016-07-31 04:06:08','ARCHIVO'),(243,'COFL1511','Protection and Humanitarian Assistance to IDPs in Colombia','Persons recently affected by displacement access registration and humanitarian assistance in accordance with internal law','2015-06-01','2016-06-01','En ejecución','NRC','Consejo Noruego para Refugiados','ONG Internacional',63367,'Protección',1010,500,510,'Cauca-Nariño','2016-07-31 04:06:12','ARCHIVO'),(244,'COFL1505','BPRM Colombia','Information, Counselling and Legal Assistance / Provide relevant information on IDPs entitlement to registration and humanitarian assistance / Provide or facilitate access to child friendly educational facilities (in coordination with authorities in the field)','2015-09-29','2017-09-29','En ejecución','NRC','Consejo Noruego para Refugiados','ONG Internacional',1500000,'Protección',16780,8222,8558,'Arauca-Cauca-Chocó-Nariño-Norte de Santander-Putumayo','2016-07-31 04:06:15','ARCHIVO'),(245,'15-UF-CEF-020','Protección Integral de los niños afectados por el conflicto armado,  específicamente por el reclutamiento y MAP / MUSE / AEI','La iniciativa busca: fortalecer el conocimiento y practicas de seguridad en comunidades que viven en constante riesgo por artefactos explosivos, soportar a las familias con ayuda psicológica. La intervención busca contribuir con la protección de la vida de los niños y adolescentes de estas zonas para que generen proyectos de vida lejos de la violencia.    ','2015-04-01','2016-01-01','Finalizado','UNICEF','Fondo de las Naciones Unidas para la Infancia','Agencia ONU',229836,'Protección',2000,1000,1000,'Arauca-Putumayo','2016-07-31 04:06:24','ARCHIVO'),(246,'72781 - 2015','Desarrollo Económico incluyente','Fortalecidas las capacidades locales para el diseño y puesta en marcha de una política de inclusión productiva de grupos poblacionales vulnerables. Estrategias de empleo y desarrollo empresarial diseñadas. Capacidades fortalecidas para el desarrollo de Mercados Inclusivos.','2015-02-01','2016-01-01','Finalizado','PNUD - Antioquia','Programa de las Naciones Unidas para el Desarrollo - Antioquia','Agencia ONU',10000,'Recuperación Temprana',1000,0,0,'Antioquia','2016-07-31 04:06:29','ARCHIVO'),(247,'COLCU 9 - 2015','Actividades de fortalecimiento con las comunidades retornadas','Actividades de fortalecimeinto comunitario','2015-02-01','2016-01-01','Finalizado','ACNUR','Alto Comisionado de las Naciones Unidas para los Refugiados','Agencia ONU',5897,'Protección',0,0,0,'Norte de Santander','2016-07-31 04:06:35','ARCHIVO'),(248,'ECHO/-SM/BUD/2015/91026','Salud íntegral para las poblaciones víctimas del conflicto armado en los departamentos de Nariño y de Guaviare.','Servicios móviles de salud.                        *Brindar apoyo psicológico en situación de crisis.                                                                        *Fortalecimiento comunitario                               *formación  a líderes y lideresas comunitarios en la estrategia de entornos saludable.           *Formación en primeros auxilios  médicos y psicológicos .                                        *Acompañamiento a las víctimas del conflicto, al acceso de los servicios d','2015-04-01','2016-03-31','En ejecución','','Médicos del Mundo- Francia','ONG Internacional',934377,'Seguridad Alimentaria y Nutrición (SAN)-Salud-Agua, saneamiento e higiene (WASH)',12000,6235,0,'Guaviare-Nariño','2016-07-31 04:06:41','ARCHIVO'),(249,'TUMACO-05','Derecho a la vida y integridad física','La población de las comunidades Nuevo milenio, Familias en Acción y La Ciudadela de Tumaco se beneficia de un mayor respeto a los DD de vida e integridad.','2015-01-01','2016-02-01','Finalizado','OACNUDH','Oficina del Alto Comisionado para los Derechos Humanos - OACNUDH','Agencia ONU',0,'Protección',0,0,0,'Nariño','2016-07-31 04:06:46','ARCHIVO'),(250,'TUMACO-06','Derecho a la salud','Mejorar el acceso de la población de Nuevo Milenio, Familias en Acción y la Ciudadela en Tumaco  a un servicio de salud de mejor calidad y con enfoque diferencial','2015-01-01','2016-01-01','Finalizado','OACNUDH','Oficina del Alto Comisionado para los Derechos Humanos - Nariño','Agencia ONU',0,'Salud',0,0,0,'Nariño','2016-07-31 04:06:50','ARCHIVO'),(251,'TUMACO-07','Entornos protectores para jovenes','Servicio comunitario, derechos, memoria cultural e identidad. Jóvenes dinamizadores de procesos.','2014-01-01','2028-04-01','En ejecución','ACNUR','Alto Comisionado de las Naciones Unidas para los Refugiados','Agencia ONU',0,'Protección',58,0,0,'Nariño','2016-07-31 04:06:52','ARCHIVO'),(252,'TUMACO-09','Construcción de paz','Ayuda Humanitaria','2015-01-01','2020-01-01','En ejecución','APS - Nariño','Alianza por la Solidaridad - Nariño','ONG Internacional',0,'Recuperación Temprana',0,0,0,'Nariño','2016-07-31 04:06:54','ARCHIVO'),(253,'OXFAM-TUMACO-10','Mejoramiento de acueductos comutarios x gravedad y pozo profundo. Promocioj de la higiene. Fortalecimiento organzizativos y acceso a medios de vida.','Mejoramiento de acueductos comutarios x gravedad y pozo profundo. Promocioj de la higiene. Fortalecimiento organzizativos y acceso a medios de vida.','2015-04-01','2017-04-01','En ejecución','','Oxfam Gran Bretaña - Nariño','ONG Internacional',0,'Seguridad Alimentaria y Nutrición (SAN)-Agua, saneamiento e higiene (WASH)',0,0,0,'Nariño','2016-07-31 04:06:57','ARCHIVO'),(254,'TUMACO-12','Acceso a la Atención Integral en Salud Mental y Violencia Sexual , de la Población Victima de Conflicto Armado','Incrementar y Fortalecer el Acceso a la Atención Integral en Salud Mental y Violencia Sexual , de la Población Victima de Conflicto Armado y otras Situaciones de Violencia en el municipio de Tumaco y Dar Respuesta a Emergencias Médico Humanitarias en el Departamento.','2014-01-01','2017-01-01','En ejecución','MSF - España','Médicos Sin Fronteras España','ONG Internacional',0,'Educación en Emergencia (EeE)',107000,0,0,'Nariño','2016-07-31 04:07:00','ARCHIVO'),(255,'82601186','Apoyo a la salud escolar en el suroccidente de Colombia','Mejorar las condiciones de saneamiento básico y las prácticas de higiene y nutrición en siete instituciones educativos. Realizar incidencia a nivel municipal, departamental y nacional sobre el tema de nutrición.','2015-09-15','2018-03-15','En ejecución','Save the Children UK','Save the Children UK','ONG Internacional',385000,'Salud',8000,0,0,'Cauca-Nariño','2016-07-31 04:07:03','ARCHIVO'),(256,'COCA-01','Niñas, niños y adolescentes de Cauca y Putumayo Construyendo la paz en Colombia','Contribuir en la construcción de paz, con la participación política efectiva de la niñez indígena, afrodescendiente y campesina (Resolución 1325), con énfasis en su protección frente a la violencia sexual (Resolución 1820), con enfoque intercultural y de género. ','2014-03-01','2016-03-01','Finalizado','CCA','Corporacion Casa Amazonia','ONG Nacional',163464,'Salud Mental y Apoyo Psicosocial-Género-Temas Transversales-Protección',2520,1260,1260,'Putumayo','2016-07-31 04:07:05','ARCHIVO'),(257,'COCA-03','Fomentando el liderazgo de las Víctimas para Prevenir la Violencia Sexual','Crear una red de mujeres víctimas de  violencia sexual y los profesionales que apoyan y acompañan en cinco regiones del país ( Putumayo , Nariño , Bolívar, Cesar y, Meta) para la prevención de la violencia sexual , tanto en el conflicto como en el post- conflicto.','2015-04-01','2016-04-01','En ejecución','CCA','Corporacion Casa Amazonia','ONG Nacional',148518,'Protección',0,0,0,'Putumayo','2016-07-31 04:07:10','ARCHIVO'),(258,'COLC38','Manejo integral del recurso hídrico, medios de vida y preservación del ambiente en territorio indígena Awá para fortalecer su resiliencia','Infraestructura sanitaria amigable con el medio ambiente diseñada conforme a enfoques diferenciales de género, etnia y niñezFortalecimiento de capacidades de autoprotección, participación y organización comunitaria, empoderando especialmente el rol de la mujer indígena. Entornos saludablesProgramas de mujer y familiaGuardia IndígenaSistemas de aguaSistemas de medios de vida sostenibles y adaptables al cambio climático considerando los  enfoques de género y etnia.Manejo de residuos sólidos y prot','2015-04-01','2019-04-01','En ejecución','Oxfam GB','Oxfam Gran Bretaña','ONG Internacional',570000,'Género-Cambio Climático-Temas Transversales-Protección-Agua, saneamiento e higiene (WASH)',4252,2224,2028,'Nariño','2016-07-31 04:07:12','ARCHIVO'),(259,'K-COL-2013-4190','Medios de vida para la Estabilización de las Familias en Situación de Desplazamiento, Confinamiento o Altamente Vulnerables Debido a Afectaciones del Conflicto Armado y/o desastres de Origen natural e','','2014-12-18','2016-06-18','En ejecución','','Diakonie Katastrophenhilfe Apoyo en Emergencias','ONG Internacional',614891,'Seguridad Alimentaria y Nutrición (SAN)-Protección-Agua, saneamiento e higiene (WASH)',4846,0,0,'Bogotá D.C.-Cundinamarca-Meta','2016-07-31 04:07:14','ARCHIVO'),(260,'K-COL-2014-4122','Prevención y protección de NNAJ frente al reclutamiento, vínculación y utilización por parte de actores armados, y fortalecimientos y medios de vida en comunidades de Córdoba y Valle del Cauca','','2014-12-01','2016-11-30','En ejecución','','Diakonie Katastrophenhilfe Apoyo en Emergencias','ONG Internacional',937111,'Seguridad Alimentaria y Nutrición (SAN)-Protección-Agua, saneamiento e higiene (WASH)',6413,3078,3335,'Córdoba-Valle del Cauca','2016-07-31 04:07:18','ARCHIVO'),(261,'UTF/COL/058/COL','Desarrollo de Modelos Pedagógicos para la Producción de Alimentos de Autoconsumo como estrategia para el Fortalecimiento de Capacidades en los Centros Educativos de Soacha y una Obtención de Alimentos','Concientizar la comunidad educativa de Soacha, en la importancia de la producción de alimentos sanos e inocuos y su incorporación en la dieta, como estrategia de prevención frente a enfermedades generadas por una mala alimentación.','2014-12-09','2016-03-31','En ejecución','FAO','Organización de las Naciones Unidas para la Agricultura y la Alimentación','Agencia ONU',106044,'Recuperación Temprana',789,0,0,'Cundinamarca','2016-07-31 04:07:24','ARCHIVO'),(262,'OSRO/COL/503/EC','Rapid recovery of food security of vulnerable communities affected by the conflict and extreme climatic events, and Strengthening institutional capacities, as a mechanism for the contruction of peace ','Rehabilitate the production of food for own consumption and strengthen the technical capacities at community and institutional levels, as a strategy to strengthen social cohesion and generate resilience in areas that are affected both by conflict and recurrent extreme natural disasters.','2015-08-01','2016-07-31','En ejecución','FAO','Organización de las Naciones Unidas para la Agricultura y la Alimentación','Agencia ONU',503357,'Transición hacia la paz-Seguridad Alimentaria y Nutrición (SAN)-Recuperación Tempran',4000,0,0,'Nariño-Putumayo','2016-07-31 04:07:27','ARCHIVO'),(263,'PNUD201521','FOMENTO DEL DESARROLLO SOCIO - ECONÓMICO  Y APOYO A LA CONSTRUCCIÓN DE LA PAZ EN ZONAS RURALES DE ARAUCA Y HUILA','Recuperación y fortalecimiento económico, físico y social de sus medios de vida de forma sostenible, tanto a nivel individual como colectivo,  Fortalecimiento de la cooperación entre la sociedad civil y las autoridades locales  mediante su reconocimiento como sujetos de derechos y deberes, y participando de la configuración de los planes de desarrollo comunitario y local en colaboración con las autoridades locales, Reforzar instrumentos de garantía de los derechos humanos y participación ciudada','2014-04-01','2016-04-01','En ejecución','CRC','Cruz Roja Colombiana','Mvto Cruz Roja',1317210,'Recuperación Temprana',6000,0,0,'Arauca-Huila','2016-07-31 04:07:30','ARCHIVO'),(264,'PNUD201522','Apoyo económico','Empleabilidad en periodo de emergencia ','2015-01-01','2016-01-01','Finalizado','CICR - Córdoba','Comité Internacional de la Cruz Roja - Córdoba','Mvto Cruz Roja',80202,'Recuperación Temprana',400,0,0,'Valle del Cauca-Nariño-Cauca-Caquetá','2016-07-31 04:07:35','ARCHIVO'),(265,'7F-04979.06','Mejora de los mecanismos de protección, acceso a derechos y cobertura de necesidades básicas en comunidades afrocolombianas, indígenas y mestizas afectadas por el conflicto en los Departamentos de Nar','La propuesta del proyecto se enmarca en una estrategia integral enfocada en la atención a la poblacion víctima del conflicto armado, que tiene como objeto la mejora de sus condiciones de vida y el acceso a sus derechos reconocidos por la normatividad jurídica colombiana, en la cual se abordarán acciones que cubran las necesidades primarias de la población meta (seguridad alimentaria / medios de vida, agua potable, saneamiento básico, etc.) insertándolas en el acceso a derechos a través del invol','2014-09-15','2017-02-15','En ejecución','APS - Bogotá','Alianza por la Solidaridad - Bogotá','ONG Internacional',3000000,'Seguridad Alimentaria y Nutrición (SAN)-Salud-Protección-Agua, saneamiento e higiene (WASH)',25082,12544,12538,'Cauca-Nariño-Valle del Cauca','2016-07-31 04:07:39','ARCHIVO'),(266,'COFE1303','Vive la Educación','Apoyo a población de niños, niñas y jovenes desplazados desescolarisados a acceder servicios educativos','2013-03-01','2018-03-01','En ejecución','NRC','Consejo Noruego para Refugiados','ONG Internacional',10000000,'Protección-Educación en Emergencia (EeE)',12000,5760,6240,'Cauca-Nariño','2016-07-31 04:07:44','ARCHIVO'),(267,'12400020','Protecting children education in southwest Colombia','Children and young people in the Departments of Nariño and Cauca have their right to access a relevant, quality education guaranteed','2013-03-27','2018-03-27','En ejecución','Save the Children UK','Save the Children UK','ONG Internacional',0,'',0,6070,0,'Timbiquí-Sucre-Mercaderes-López-Florencia-El Tambo-Bolívar-Balboa-Argelia-Tumaco-Santa Bárbara-Roberto Payán-Olaya Herrera-Mosquera-MagÜi-La Tola-Francisco Pizarro-El Charco-Barbacoas','2016-07-31 04:07:47','ARCHIVO');
/*!40000 ALTER TABLE `info_carga` ENABLE KEYS */;
UNLOCK TABLES;

--
-- Table structure for table `organizacion`
--

DROP TABLE IF EXISTS `organizacion`;
/*!40101 SET @saved_cs_client     = @@character_set_client */;
/*!40101 SET character_set_client = utf8 */;
CREATE TABLE `organizacion` (
  `org_id` int(11) NOT NULL AUTO_INCREMENT,
  `org_sigla` varchar(45) DEFAULT NULL,
  `org_nombre` varchar(200) DEFAULT NULL,
  `org_tipo` varchar(200) DEFAULT NULL,
  `org_fecha` timestamp NOT NULL DEFAULT CURRENT_TIMESTAMP,
  PRIMARY KEY (`org_id`)
) ENGINE=InnoDB AUTO_INCREMENT=69 DEFAULT CHARSET=latin1;
/*!40101 SET character_set_client = @saved_cs_client */;

--
-- Dumping data for table `organizacion`
--

LOCK TABLES `organizacion` WRITE;
/*!40000 ALTER TABLE `organizacion` DISABLE KEYS */;
INSERT INTO `organizacion` VALUES (37,'','Diakonie Katastrophenhilfe Apoyo en Emergencias','ONG Internacional','2016-07-31 03:54:13'),(38,'HelpAge','HelpAge International','ONG Internacional','2016-07-31 03:54:18'),(39,'FAO','Organización de las Naciones Unidas para la Agricultura y la Alimentación','Agencia ONU','2016-07-31 03:54:23'),(40,'Fundacion Plan','Fundacion Plan','ONG Internacional','2016-07-31 03:54:27'),(41,'Caritas Alemania','Caritas Alemania','Agencia Cooperación','2016-07-31 03:54:32'),(42,'PMA','Programa Mundial de Alimentos','Agencia ONU','2016-07-31 03:54:36'),(43,'ACH - Bogotá','Acción Contra el Hambre - Bogotá','ONG Internacional','2016-07-31 04:03:22'),(44,'FLM','Federación Luterana Mundial','ONG Internacional','2016-07-31 04:03:26'),(45,'Oxfam GB','Oxfam Gran Bretaña','ONG Internacional','2016-07-31 04:03:33'),(46,'OIM','Organización Internacional para las Migraciones','Agencia ONU','2016-07-31 04:03:38'),(47,'GIZ','Deutsche Gesellschaft für Internationale Zusammenarbeit','ONG Internacional','2016-07-31 04:03:53'),(48,'COSUDE','Agencia Suiza para el Desarrollo y la Cooperación','Agencia Cooperación','2016-07-31 04:04:03'),(49,'','Médicos del Mundo- Francia','ONG Internacional','2016-07-31 04:04:10'),(50,'APS - Bogotá','Alianza por la Solidaridad - Bogotá','ONG Internacional','2016-07-31 04:04:16'),(51,'FTH','Fundación Tierra de Hombres','ONG Internacional','2016-07-31 04:04:29'),(52,'CRA','Cruz Roja Alemana','Mvto Cruz Roja','2016-07-31 04:04:32'),(53,'Save the Children UK','Save the Children UK','ONG Internacional','2016-07-31 04:04:34'),(54,'CRC','Cruz Roja Colombiana','Mvto Cruz Roja','2016-07-31 04:04:37'),(55,'H.A.I - Chocó','Heartland Alliance for Human Needs and Human Rights - Chocó','ONG Internacional','2016-07-31 04:05:21'),(56,'HI','Handicap Internacional','ONG Internacional','2016-07-31 04:05:34'),(57,'HEKS/EPER','Hilfswerk der Evangelischen Kirchen Schweiz','Iglesia/Otro','2016-07-31 04:05:39'),(58,'NRC','Consejo Noruego para Refugiados','ONG Internacional','2016-07-31 04:05:43'),(59,'UNICEF','Fondo de las Naciones Unidas para la Infancia','Agencia ONU','2016-07-31 04:06:24'),(60,'PNUD - Antioquia','Programa de las Naciones Unidas para el Desarrollo - Antioquia','Agencia ONU','2016-07-31 04:06:30'),(61,'ACNUR','Alto Comisionado de las Naciones Unidas para los Refugiados','Agencia ONU','2016-07-31 04:06:35'),(62,'OACNUDH','Oficina del Alto Comisionado para los Derechos Humanos - OACNUDH','Agencia ONU','2016-07-31 04:06:47'),(63,'OACNUDH','Oficina del Alto Comisionado para los Derechos Humanos - Nariño','Agencia ONU','2016-07-31 04:06:51'),(64,'APS - Nariño','Alianza por la Solidaridad - Nariño','ONG Internacional','2016-07-31 04:06:55'),(65,'','Oxfam Gran Bretaña - Nariño','ONG Internacional','2016-07-31 04:06:57'),(66,'MSF - España','Médicos Sin Fronteras España','ONG Internacional','2016-07-31 04:07:01'),(67,'CCA','Corporacion Casa Amazonia','ONG Nacional','2016-07-31 04:07:07'),(68,'CICR - Córdoba','Comité Internacional de la Cruz Roja - Córdoba','Mvto Cruz Roja','2016-07-31 04:07:35');
/*!40000 ALTER TABLE `organizacion` ENABLE KEYS */;
UNLOCK TABLES;

--
-- Table structure for table `presupuesto`
--

DROP TABLE IF EXISTS `presupuesto`;
/*!40101 SET @saved_cs_client     = @@character_set_client */;
/*!40101 SET character_set_client = utf8 */;
CREATE TABLE `presupuesto` (
  `pre_id` int(11) NOT NULL AUTO_INCREMENT COMMENT 'Podria incluirse estos campos en la tabla proyecto y evitarse esta tabla, siempre y cuando no tenga mas campos que se comporten independiente.\n',
  `pro_id` int(11) NOT NULL,
  `pre_monto` double DEFAULT NULL,
  `pre_tema` varchar(200) DEFAULT NULL,
  `pre_fecha` timestamp NOT NULL DEFAULT CURRENT_TIMESTAMP,
  PRIMARY KEY (`pre_id`),
  KEY `fk_presupuesto_proyecto1_idx` (`pro_id`),
  CONSTRAINT `fk_presupuesto_proyecto1` FOREIGN KEY (`pro_id`) REFERENCES `proyecto` (`pro_id`) ON DELETE NO ACTION ON UPDATE NO ACTION
) ENGINE=InnoDB AUTO_INCREMENT=269 DEFAULT CHARSET=latin1;
/*!40101 SET character_set_client = @saved_cs_client */;

--
-- Dumping data for table `presupuesto`
--

LOCK TABLES `presupuesto` WRITE;
/*!40000 ALTER TABLE `presupuesto` DISABLE KEYS */;
INSERT INTO `presupuesto` VALUES (2,2,21052707,'Seguridad Alimentaria y Nutrición (SAN)','2016-07-31 03:54:15'),(3,3,19922544,'Seguridad Alimentaria y Nutrición (SAN)','2016-07-31 03:54:20'),(4,4,169709,'Seguridad Alimentaria y Nutrición (SAN)','2016-07-31 03:54:25'),(5,5,21551483,'Seguridad Alimentaria y Nutrición (SAN)','2016-07-31 03:54:29'),(6,6,50000,'Alojamiento y ayuda no alimentaria','2016-07-31 03:54:33'),(7,7,41266,'Seguridad Alimentaria y Nutrición (SAN)','2016-07-31 03:54:37'),(8,8,50,'Seguridad Alimentaria y Nutrición (SAN)','2016-07-31 03:54:40'),(9,9,830,'Seguridad Alimentaria y Nutrición (SAN)','2016-07-31 03:54:46'),(10,10,63,'Seguridad Alimentaria y Nutrición (SAN)','2016-07-31 03:54:51'),(11,11,126,'Seguridad Alimentaria y Nutrición (SAN)','2016-07-31 03:54:55'),(12,12,1492,'Seguridad Alimentaria y Nutrición (SAN)','2016-07-31 03:54:59'),(13,13,18161,'Seguridad Alimentaria y Nutrición (SAN)','2016-07-31 03:55:02'),(14,14,2152,'Seguridad Alimentaria y Nutrición (SAN)','2016-07-31 03:55:06'),(15,15,30623,'Seguridad Alimentaria y Nutrición (SAN)','2016-07-31 03:55:09'),(16,16,176,'Seguridad Alimentaria y Nutrición (SAN)','2016-07-31 03:55:12'),(17,17,18911,'Seguridad Alimentaria y Nutrición (SAN)','2016-07-31 03:55:15'),(18,18,113,'Seguridad Alimentaria y Nutrición (SAN)','2016-07-31 03:55:18'),(19,19,151,'Seguridad Alimentaria y Nutrición (SAN)','2016-07-31 03:55:21'),(20,20,23200,'Seguridad Alimentaria y Nutrición (SAN)','2016-07-31 03:55:23'),(21,21,38,'Seguridad Alimentaria y Nutrición (SAN)','2016-07-31 03:55:25'),(22,22,11041,'Seguridad Alimentaria y Nutrición (SAN)','2016-07-31 03:55:27'),(23,23,50,'Seguridad Alimentaria y Nutrición (SAN)','2016-07-31 03:55:32'),(24,24,1180,'Seguridad Alimentaria y Nutrición (SAN)','2016-07-31 03:55:37'),(25,25,39036,'Seguridad Alimentaria y Nutrición (SAN)','2016-07-31 03:55:41'),(26,26,1208,'Seguridad Alimentaria y Nutrición (SAN)','2016-07-31 03:55:43'),(27,27,37849,'Seguridad Alimentaria y Nutrición (SAN)','2016-07-31 03:55:48'),(28,28,16494,'Seguridad Alimentaria y Nutrición (SAN)','2016-07-31 03:55:50'),(29,29,189,'Seguridad Alimentaria y Nutrición (SAN)','2016-07-31 03:55:53'),(30,30,3143,'Seguridad Alimentaria y Nutrición (SAN)','2016-07-31 03:55:59'),(31,31,50,'Seguridad Alimentaria y Nutrición (SAN)','2016-07-31 03:56:04'),(32,32,16905,'Seguridad Alimentaria y Nutrición (SAN)','2016-07-31 03:56:11'),(33,33,4423,'Seguridad Alimentaria y Nutrición (SAN)','2016-07-31 03:56:20'),(34,34,176,'Seguridad Alimentaria y Nutrición (SAN)','2016-07-31 03:56:29'),(35,35,6569,'Seguridad Alimentaria y Nutrición (SAN)','2016-07-31 03:56:48'),(36,36,642,'Seguridad Alimentaria y Nutrición (SAN)','2016-07-31 03:56:59'),(37,37,967,'Seguridad Alimentaria y Nutrición (SAN)','2016-07-31 03:57:05'),(38,38,26377,'Seguridad Alimentaria y Nutrición (SAN)','2016-07-31 03:57:07'),(39,39,27,'Seguridad Alimentaria y Nutrición (SAN)','2016-07-31 03:57:12'),(40,40,38,'Seguridad Alimentaria y Nutrición (SAN)','2016-07-31 03:57:14'),(41,41,8983,'Seguridad Alimentaria y Nutrición (SAN)','2016-07-31 03:57:19'),(42,42,88,'Seguridad Alimentaria y Nutrición (SAN)','2016-07-31 03:57:22'),(43,43,214,'Seguridad Alimentaria y Nutrición (SAN)','2016-07-31 03:57:24'),(44,44,76,'Seguridad Alimentaria y Nutrición (SAN)','2016-07-31 03:57:28'),(45,45,176,'Seguridad Alimentaria y Nutrición (SAN)','2016-07-31 03:57:31'),(46,46,16676,'Seguridad Alimentaria y Nutrición (SAN)','2016-07-31 03:57:34'),(47,47,23032,'Seguridad Alimentaria y Nutrición (SAN)','2016-07-31 03:57:39'),(48,48,137,'Seguridad Alimentaria y Nutrición (SAN)','2016-07-31 03:57:44'),(49,49,13734,'Seguridad Alimentaria y Nutrición (SAN)','2016-07-31 03:57:47'),(50,50,2694,'Seguridad Alimentaria y Nutrición (SAN)','2016-07-31 03:57:51'),(51,51,10609,'Seguridad Alimentaria y Nutrición (SAN)','2016-07-31 03:57:54'),(52,52,5683,'Seguridad Alimentaria y Nutrición (SAN)','2016-07-31 03:57:57'),(53,53,14205,'Seguridad Alimentaria y Nutrición (SAN)','2016-07-31 03:57:59'),(54,54,4387,'Seguridad Alimentaria y Nutrición (SAN)','2016-07-31 03:58:01'),(55,55,6898,'Seguridad Alimentaria y Nutrición (SAN)','2016-07-31 03:58:02'),(56,56,5544,'Seguridad Alimentaria y Nutrición (SAN)','2016-07-31 03:58:04'),(57,57,1421,'Seguridad Alimentaria y Nutrición (SAN)','2016-07-31 03:58:06'),(58,58,4837,'Seguridad Alimentaria y Nutrición (SAN)','2016-07-31 03:58:07'),(59,59,6084,'Seguridad Alimentaria y Nutrición (SAN)','2016-07-31 03:58:09'),(60,60,790,'Seguridad Alimentaria y Nutrición (SAN)','2016-07-31 03:58:11'),(61,61,5486,'Seguridad Alimentaria y Nutrición (SAN)','2016-07-31 03:58:12'),(62,62,6973,'Seguridad Alimentaria y Nutrición (SAN)','2016-07-31 03:58:15'),(63,63,151,'Seguridad Alimentaria y Nutrición (SAN)','2016-07-31 03:58:16'),(64,64,7604,'Seguridad Alimentaria y Nutrición (SAN)','2016-07-31 03:58:19'),(65,65,3459,'Seguridad Alimentaria y Nutrición (SAN)','2016-07-31 03:58:21'),(66,66,5515,'Seguridad Alimentaria y Nutrición (SAN)','2016-07-31 03:58:22'),(67,67,99876,'Seguridad Alimentaria y Nutrición (SAN)','2016-07-31 03:58:25'),(68,68,194,'Seguridad Alimentaria y Nutrición (SAN)','2016-07-31 03:58:28'),(69,69,80137,'Seguridad Alimentaria y Nutrición (SAN)','2016-07-31 03:58:31'),(70,70,41477,'Seguridad Alimentaria y Nutrición (SAN)','2016-07-31 03:58:33'),(71,71,88,'Seguridad Alimentaria y Nutrición (SAN)','2016-07-31 03:58:35'),(72,72,75,'Seguridad Alimentaria y Nutrición (SAN)','2016-07-31 03:58:36'),(73,73,59914,'Seguridad Alimentaria y Nutrición (SAN)','2016-07-31 03:58:39'),(74,74,50,'Seguridad Alimentaria y Nutrición (SAN)','2016-07-31 03:58:41'),(75,75,327,'Seguridad Alimentaria y Nutrición (SAN)','2016-07-31 03:58:42'),(76,76,33434,'Seguridad Alimentaria y Nutrición (SAN)','2016-07-31 03:58:44'),(77,77,41252,'Seguridad Alimentaria y Nutrición (SAN)','2016-07-31 03:58:47'),(78,78,1852,'Seguridad Alimentaria y Nutrición (SAN)','2016-07-31 03:58:49'),(79,79,5299,'Seguridad Alimentaria y Nutrición (SAN)','2016-07-31 03:58:51'),(80,80,642,'Seguridad Alimentaria y Nutrición (SAN)','2016-07-31 03:58:53'),(81,81,164,'Seguridad Alimentaria y Nutrición (SAN)','2016-07-31 03:58:56'),(82,82,31138,'Seguridad Alimentaria y Nutrición (SAN)','2016-07-31 03:58:58'),(83,83,264,'Seguridad Alimentaria y Nutrición (SAN)','2016-07-31 03:59:00'),(84,84,27547,'Seguridad Alimentaria y Nutrición (SAN)','2016-07-31 03:59:02'),(85,85,38386,'Seguridad Alimentaria y Nutrición (SAN)','2016-07-31 03:59:04'),(86,86,4092,'Seguridad Alimentaria y Nutrición (SAN)','2016-07-31 03:59:06'),(87,87,34399,'Seguridad Alimentaria y Nutrición (SAN)','2016-07-31 03:59:08'),(88,88,18159,'Seguridad Alimentaria y Nutrición (SAN)','2016-07-31 03:59:10'),(89,89,101,'Seguridad Alimentaria y Nutrición (SAN)','2016-07-31 03:59:12'),(90,90,806,'Seguridad Alimentaria y Nutrición (SAN)','2016-07-31 03:59:13'),(91,91,33594,'Seguridad Alimentaria y Nutrición (SAN)','2016-07-31 03:59:15'),(92,92,20159,'Seguridad Alimentaria y Nutrición (SAN)','2016-07-31 03:59:17'),(93,93,41266,'Seguridad Alimentaria y Nutrición (SAN)','2016-07-31 03:59:21'),(94,94,353,'Seguridad Alimentaria y Nutrición (SAN)','2016-07-31 03:59:24'),(95,95,36299,'Seguridad Alimentaria y Nutrición (SAN)','2016-07-31 03:59:27'),(96,96,41266,'Seguridad Alimentaria y Nutrición (SAN)','2016-07-31 03:59:30'),(97,97,23358,'Seguridad Alimentaria y Nutrición (SAN)','2016-07-31 03:59:31'),(98,98,21346,'Seguridad Alimentaria y Nutrición (SAN)','2016-07-31 03:59:33'),(99,99,189,'Seguridad Alimentaria y Nutrición (SAN)','2016-07-31 03:59:35'),(100,100,2,'Seguridad Alimentaria y Nutrición (SAN)','2016-07-31 03:59:36'),(101,101,491,'Seguridad Alimentaria y Nutrición (SAN)','2016-07-31 03:59:38'),(102,102,340,'Seguridad Alimentaria y Nutrición (SAN)','2016-07-31 03:59:41'),(103,103,76,'Seguridad Alimentaria y Nutrición (SAN)','2016-07-31 03:59:43'),(104,104,201,'Seguridad Alimentaria y Nutrición (SAN)','2016-07-31 03:59:45'),(105,105,818,'Seguridad Alimentaria y Nutrición (SAN)','2016-07-31 03:59:47'),(106,106,176,'Seguridad Alimentaria y Nutrición (SAN)','2016-07-31 03:59:49'),(107,107,20169,'Seguridad Alimentaria y Nutrición (SAN)','2016-07-31 03:59:52'),(108,108,3173,'Seguridad Alimentaria y Nutrición (SAN)','2016-07-31 03:59:54'),(109,109,4494,'Seguridad Alimentaria y Nutrición (SAN)','2016-07-31 03:59:55'),(110,110,63,'Seguridad Alimentaria y Nutrición (SAN)','2016-07-31 04:00:01'),(111,111,76,'Seguridad Alimentaria y Nutrición (SAN)','2016-07-31 04:00:04'),(112,112,252,'Seguridad Alimentaria y Nutrición (SAN)','2016-07-31 04:00:06'),(113,113,3904,'Seguridad Alimentaria y Nutrición (SAN)','2016-07-31 04:00:09'),(114,114,2078,'Seguridad Alimentaria y Nutrición (SAN)','2016-07-31 04:00:14'),(115,115,41,'Seguridad Alimentaria y Nutrición (SAN)','2016-07-31 04:00:19'),(116,116,27527,'Seguridad Alimentaria y Nutrición (SAN)','2016-07-31 04:00:21'),(117,117,63,'Seguridad Alimentaria y Nutrición (SAN)','2016-07-31 04:00:24'),(118,118,415,'Seguridad Alimentaria y Nutrición (SAN)','2016-07-31 04:00:26'),(119,119,10915,'Seguridad Alimentaria y Nutrición (SAN)','2016-07-31 04:00:29'),(120,120,869,'Seguridad Alimentaria y Nutrición (SAN)','2016-07-31 04:00:32'),(121,121,30991,'Seguridad Alimentaria y Nutrición (SAN)','2016-07-31 04:00:37'),(122,122,630,'Seguridad Alimentaria y Nutrición (SAN)','2016-07-31 04:00:41'),(123,123,12868,'Seguridad Alimentaria y Nutrición (SAN)','2016-07-31 04:00:46'),(124,124,3992,'Seguridad Alimentaria y Nutrición (SAN)','2016-07-31 04:00:51'),(125,125,3425,'Seguridad Alimentaria y Nutrición (SAN)','2016-07-31 04:00:52'),(126,126,113,'Seguridad Alimentaria y Nutrición (SAN)','2016-07-31 04:00:54'),(127,127,3979,'Seguridad Alimentaria y Nutrición (SAN)','2016-07-31 04:00:56'),(128,128,55,'Seguridad Alimentaria y Nutrición (SAN)','2016-07-31 04:00:58'),(129,129,453,'Seguridad Alimentaria y Nutrición (SAN)','2016-07-31 04:01:00'),(130,130,3211,'Seguridad Alimentaria y Nutrición (SAN)','2016-07-31 04:01:01'),(131,131,113,'Seguridad Alimentaria y Nutrición (SAN)','2016-07-31 04:01:03'),(132,132,214,'Seguridad Alimentaria y Nutrición (SAN)','2016-07-31 04:01:05'),(133,133,18007,'Seguridad Alimentaria y Nutrición (SAN)','2016-07-31 04:01:06'),(134,134,441,'Seguridad Alimentaria y Nutrición (SAN)','2016-07-31 04:01:09'),(135,135,2392,'Seguridad Alimentaria y Nutrición (SAN)','2016-07-31 04:01:11'),(136,136,894,'Seguridad Alimentaria y Nutrición (SAN)','2016-07-31 04:01:12'),(137,137,5087,'Seguridad Alimentaria y Nutrición (SAN)','2016-07-31 04:01:14'),(138,138,416,'Seguridad Alimentaria y Nutrición (SAN)','2016-07-31 04:01:16'),(139,139,101,'Seguridad Alimentaria y Nutrición (SAN)','2016-07-31 04:01:18'),(140,140,83,'Seguridad Alimentaria y Nutrición (SAN)','2016-07-31 04:01:21'),(141,141,50925,'Seguridad Alimentaria y Nutrición (SAN)','2016-07-31 04:01:23'),(142,142,189,'Seguridad Alimentaria y Nutrición (SAN)','2016-07-31 04:01:25'),(143,143,12941,'Seguridad Alimentaria y Nutrición (SAN)','2016-07-31 04:01:27'),(144,144,15786,'Seguridad Alimentaria y Nutrición (SAN)','2016-07-31 04:01:29'),(145,145,41433,'Seguridad Alimentaria y Nutrición (SAN)','2016-07-31 04:01:30'),(146,146,24564,'Seguridad Alimentaria y Nutrición (SAN)','2016-07-31 04:01:32'),(147,147,258,'Seguridad Alimentaria y Nutrición (SAN)','2016-07-31 04:01:34'),(148,148,22028,'Seguridad Alimentaria y Nutrición (SAN)','2016-07-31 04:01:37'),(149,149,19472,'Seguridad Alimentaria y Nutrición (SAN)','2016-07-31 04:01:39'),(150,150,14036,'Seguridad Alimentaria y Nutrición (SAN)','2016-07-31 04:01:41'),(151,151,27044,'Seguridad Alimentaria y Nutrición (SAN)','2016-07-31 04:01:43'),(152,152,18914,'Seguridad Alimentaria y Nutrición (SAN)','2016-07-31 04:01:45'),(153,153,45815,'Seguridad Alimentaria y Nutrición (SAN)','2016-07-31 04:01:47'),(154,154,7333,'Seguridad Alimentaria y Nutrición (SAN)','2016-07-31 04:01:49'),(155,155,15711,'Seguridad Alimentaria y Nutrición (SAN)','2016-07-31 04:01:51'),(156,156,21758,'Seguridad Alimentaria y Nutrición (SAN)','2016-07-31 04:01:53'),(157,157,16349,'Seguridad Alimentaria y Nutrición (SAN)','2016-07-31 04:01:55'),(158,158,6050,'Seguridad Alimentaria y Nutrición (SAN)','2016-07-31 04:01:57'),(159,159,7555,'Seguridad Alimentaria y Nutrición (SAN)','2016-07-31 04:02:00'),(160,160,18851,'Seguridad Alimentaria y Nutrición (SAN)','2016-07-31 04:02:02'),(161,161,7933,'Seguridad Alimentaria y Nutrición (SAN)','2016-07-31 04:02:04'),(162,162,38344,'Seguridad Alimentaria y Nutrición (SAN)','2016-07-31 04:02:06'),(163,163,105780,'Seguridad Alimentaria y Nutrición (SAN)','2016-07-31 04:02:08'),(164,164,41367,'Seguridad Alimentaria y Nutrición (SAN)','2016-07-31 04:02:10'),(165,165,51303,'Seguridad Alimentaria y Nutrición (SAN)','2016-07-31 04:02:12'),(166,166,45939,'Seguridad Alimentaria y Nutrición (SAN)','2016-07-31 04:02:15'),(167,167,16434,'Seguridad Alimentaria y Nutrición (SAN)','2016-07-31 04:02:17'),(168,168,23385,'Seguridad Alimentaria y Nutrición (SAN)','2016-07-31 04:02:19'),(169,169,55874,'Seguridad Alimentaria y Nutrición (SAN)','2016-07-31 04:02:21'),(170,170,11054,'Seguridad Alimentaria y Nutrición (SAN)','2016-07-31 04:02:25'),(171,171,11761,'Seguridad Alimentaria y Nutrición (SAN)','2016-07-31 04:02:28'),(172,172,19351,'Seguridad Alimentaria y Nutrición (SAN)','2016-07-31 04:02:31'),(173,173,264,'Seguridad Alimentaria y Nutrición (SAN)','2016-07-31 04:02:33'),(174,174,378,'Seguridad Alimentaria y Nutrición (SAN)','2016-07-31 04:02:36'),(175,175,73569,'Seguridad Alimentaria y Nutrición (SAN)','2016-07-31 04:02:38'),(176,176,25,'Seguridad Alimentaria y Nutrición (SAN)','2016-07-31 04:02:41'),(177,177,13,'Seguridad Alimentaria y Nutrición (SAN)','2016-07-31 04:02:43'),(178,178,164,'Seguridad Alimentaria y Nutrición (SAN)','2016-07-31 04:02:46'),(179,179,453,'Seguridad Alimentaria y Nutrición (SAN)','2016-07-31 04:02:48'),(180,180,9845,'Seguridad Alimentaria y Nutrición (SAN)','2016-07-31 04:02:50'),(181,181,11055,'Seguridad Alimentaria y Nutrición (SAN)','2016-07-31 04:02:52'),(182,182,1397,'Seguridad Alimentaria y Nutrición (SAN)','2016-07-31 04:02:54'),(183,183,176,'Seguridad Alimentaria y Nutrición (SAN)','2016-07-31 04:02:56'),(184,184,15159,'Seguridad Alimentaria y Nutrición (SAN)','2016-07-31 04:02:58'),(185,185,22064,'Seguridad Alimentaria y Nutrición (SAN)','2016-07-31 04:03:00'),(186,186,5195,'Seguridad Alimentaria y Nutrición (SAN)','2016-07-31 04:03:02'),(187,187,28296,'Seguridad Alimentaria y Nutrición (SAN)','2016-07-31 04:03:04'),(188,188,6652,'Seguridad Alimentaria y Nutrición (SAN)','2016-07-31 04:03:06'),(189,189,768,'Seguridad Alimentaria y Nutrición (SAN)','2016-07-31 04:03:08'),(190,190,19136,'Seguridad Alimentaria y Nutrición (SAN)','2016-07-31 04:03:10'),(191,191,22156,'Seguridad Alimentaria y Nutrición (SAN)','2016-07-31 04:03:12'),(192,192,201,'Seguridad Alimentaria y Nutrición (SAN)','2016-07-31 04:03:14'),(193,193,7326,'Seguridad Alimentaria y Nutrición (SAN)','2016-07-31 04:03:16'),(194,194,69,'Seguridad Alimentaria y Nutrición (SAN)','2016-07-31 04:03:18'),(195,195,3861,'Seguridad Alimentaria y Nutrición (SAN)','2016-07-31 04:03:20'),(196,196,246950,'Agua, saneamiento e higiene (WASH)','2016-07-31 04:03:23'),(197,197,750000,'Seguridad Alimentaria y Nutrición (SAN)-Protección-Agua, saneamiento e higiene (WASH)','2016-07-31 04:03:25'),(198,198,249998,'Género-Temas Transversales-Seguridad Alimentaria y Nutrición (SAN)-Recuperación Temprana-Agua, saneamiento e higiene (WASH)','2016-07-31 04:03:27'),(199,199,309382,'Temas Transversales-Seguridad Alimentaria y Nutrición (SAN)-Recuperación Temprana-Agua, saneamiento e higiene (WASH)-Género','2016-07-31 04:03:29'),(200,200,272727,'Género-Temas Transversales-Seguridad Alimentaria y Nutrición (SAN)-Recuperación Temprana-Agua, saneamiento e higiene (WASH)','2016-07-31 04:03:32'),(201,201,395113,'Agua, saneamiento e higiene (WASH)','2016-07-31 04:03:34'),(202,202,409562,'Agua, saneamiento e higiene (WASH)','2016-07-31 04:03:36'),(203,203,291604,'Protección','2016-07-31 04:03:38'),(204,204,50000,'Protección','2016-07-31 04:03:40'),(205,205,3218242,'Recuperación Temprana-Educación en Emergencia (EeE)','2016-07-31 04:03:42'),(206,206,120768,'Recuperación Temprana','2016-07-31 04:03:51'),(207,207,2775000,'Temas Transversales','2016-07-31 04:03:53'),(208,208,845563,'Temas Transversales','2016-07-31 04:03:56'),(209,209,888019,'Seguridad Alimentaria y Nutrición (SAN)-Alojamiento y ayuda no alimentaria','2016-07-31 04:03:58'),(210,210,1135530,'Agua, saneamiento e higiene (WASH)-Alojamiento y ayuda no alimentaria-Protección-Seguridad Alimentaria y Nutrición (SAN)','2016-07-31 04:04:00'),(211,211,2600000,'Protección','2016-07-31 04:04:03'),(212,212,2212393,'Seguridad Alimentaria y Nutrición (SAN)-Agua, saneamiento e higiene (WASH)','2016-07-31 04:04:06'),(213,213,370827,'Agua, saneamiento e higiene (WASH)','2016-07-31 04:04:08'),(214,214,610590,'Seguridad Alimentaria y Nutrición (SAN)-Salud-Agua, saneamiento e higiene (WASH)','2016-07-31 04:04:11'),(215,215,505043,'Agua, saneamiento e higiene (WASH)-Protección-Salud-Seguridad Alimentaria y Nutrición (SAN)','2016-07-31 04:04:13'),(216,216,519859,'Salud Mental y Apoyo Psicosocial-Temas Transversales-Seguridad Alimentaria y Nutrición (SAN)-Protección-Agua, saneamiento e higiene (WASH)','2016-07-31 04:04:17'),(217,217,454545,'Seguridad Alimentaria y Nutrición (SAN)-Alojamiento y ayuda no alimentaria-Agua, saneamiento e higiene (WASH)','2016-07-31 04:04:21'),(218,218,800000,'Seguridad Alimentaria y Nutrición (SAN)-Recuperación Temprana-Protección-Agua, saneamiento e higiene (WASH)','2016-07-31 04:04:23'),(219,219,110000,'Agua, saneamiento e higiene (WASH)','2016-07-31 04:04:26'),(220,220,143000,'Seguridad Alimentaria y Nutrición (SAN)','2016-07-31 04:04:28'),(221,221,1200000,'Salud-Protección-Agua, saneamiento e higiene (WASH)','2016-07-31 04:04:30'),(222,222,784090,'Recuperación Temprana','2016-07-31 04:04:32'),(223,223,529603,'Educación en Emergencia (EeE)','2016-07-31 04:04:35'),(224,224,730510,'Recuperación Temprana','2016-07-31 04:04:37'),(225,225,793490,'Temas Transversales','2016-07-31 04:04:39'),(226,226,1216906,'Agua, saneamiento e higiene (WASH)','2016-07-31 04:04:41'),(227,227,5116675,'Recuperación Temprana-Educación en Emergencia (EeE)','2016-07-31 04:04:44'),(228,228,126156,'Protección','2016-07-31 04:04:46'),(229,229,10353547,'Protección','2016-07-31 04:04:48'),(230,230,625000,'Salud Mental y Apoyo Psicosocial-Género-Temas Transversales-Seguridad Alimentaria y Nutrición (SAN)-Protección-Alojamiento y ayuda no alimentaria-Agua, saneamiento e higiene (WASH)','2016-07-31 04:05:12'),(231,231,541712,'Sostenibilidad ambiental-Seguridad Alimentaria y Nutrición (SAN)-Recuperación Temprana','2016-07-31 04:05:20'),(232,232,220000,'Salud','2016-07-31 04:05:22'),(233,233,3291592,'Seguridad Alimentaria y Nutrición (SAN)-Salud-Protección-Agua, saneamiento e higiene (WASH)','2016-07-31 04:05:24'),(234,234,1061697,'Agua, saneamiento e higiene (WASH)','2016-07-31 04:05:28'),(235,235,665616,'Seguridad Alimentaria y Nutrición (SAN)-Agua, saneamiento e higiene (WASH)','2016-07-31 04:05:29'),(236,236,422955,'Seguridad Alimentaria y Nutrición (SAN)-Protección-Agua, saneamiento e higiene (WASH)','2016-07-31 04:05:33'),(237,237,0,'Salud','2016-07-31 04:05:35'),(238,238,0,'Agua, saneamiento e higiene (WASH)','2016-07-31 04:05:41'),(239,239,759493,'Protección-Educación en Emergencia (EeE)','2016-07-31 04:05:44'),(240,240,1658227,'Protección','2016-07-31 04:05:48'),(241,241,520000,'Protección-Educación en Emergencia (EeE)','2016-07-31 04:05:54'),(242,242,260000,'Género-Temas Transversales','2016-07-31 04:06:03'),(243,243,381329,'Protección-Educación en Emergencia (EeE)','2016-07-31 04:06:09'),(244,244,63367,'Protección','2016-07-31 04:06:14'),(245,245,1500000,'Protección','2016-07-31 04:06:17'),(246,246,229836,'Protección','2016-07-31 04:06:25'),(247,247,10000,'Recuperación Temprana','2016-07-31 04:06:32'),(248,248,5897,'Protección','2016-07-31 04:06:38'),(249,249,934377,'Seguridad Alimentaria y Nutrición (SAN)-Salud-Agua, saneamiento e higiene (WASH)','2016-07-31 04:06:44'),(250,250,0,'Protección','2016-07-31 04:06:48'),(251,251,0,'Salud','2016-07-31 04:06:51'),(252,252,0,'Protección','2016-07-31 04:06:53'),(253,253,0,'Recuperación Temprana','2016-07-31 04:06:56'),(254,254,0,'Seguridad Alimentaria y Nutrición (SAN)-Agua, saneamiento e higiene (WASH)','2016-07-31 04:06:58'),(255,255,0,'Educación en Emergencia (EeE)','2016-07-31 04:07:02'),(256,256,385000,'Salud','2016-07-31 04:07:04'),(257,257,163464,'Salud Mental y Apoyo Psicosocial-Género-Temas Transversales-Protección','2016-07-31 04:07:09'),(258,258,148518,'Protección','2016-07-31 04:07:11'),(259,259,570000,'Género-Cambio Climático-Temas Transversales-Protección-Agua, saneamiento e higiene (WASH)','2016-07-31 04:07:13'),(260,260,614891,'Seguridad Alimentaria y Nutrición (SAN)-Protección-Agua, saneamiento e higiene (WASH)','2016-07-31 04:07:15'),(261,261,937111,'Seguridad Alimentaria y Nutrición (SAN)-Protección-Agua, saneamiento e higiene (WASH)','2016-07-31 04:07:19'),(262,262,106044,'Recuperación Temprana','2016-07-31 04:07:25'),(263,263,503357,'Transición hacia la paz-Seguridad Alimentaria y Nutrición (SAN)-Recuperación Tempran','2016-07-31 04:07:29'),(264,264,1317210,'Recuperación Temprana','2016-07-31 04:07:33'),(265,265,80202,'Recuperación Temprana','2016-07-31 04:07:36'),(266,266,3000000,'Seguridad Alimentaria y Nutrición (SAN)-Salud-Protección-Agua, saneamiento e higiene (WASH)','2016-07-31 04:07:40'),(267,267,10000000,'Protección-Educación en Emergencia (EeE)','2016-07-31 04:07:45'),(268,268,0,'','2016-07-31 04:07:47');
/*!40000 ALTER TABLE `presupuesto` ENABLE KEYS */;
UNLOCK TABLES;

--
-- Table structure for table `proyecto`
--

DROP TABLE IF EXISTS `proyecto`;
/*!40101 SET @saved_cs_client     = @@character_set_client */;
/*!40101 SET character_set_client = utf8 */;
CREATE TABLE `proyecto` (
  `pro_id` int(11) NOT NULL AUTO_INCREMENT,
  `org_id` int(11) NOT NULL,
  `pro_codigo` varchar(200) DEFAULT NULL,
  `pro_nombre` varchar(200) DEFAULT NULL,
  `pro_descripcion` varchar(500) DEFAULT NULL,
  `pro_inicio` date DEFAULT NULL,
  `pro_fin` date DEFAULT NULL,
  `pro_estado` varchar(100) DEFAULT NULL,
  `pro_fecha` timestamp NOT NULL DEFAULT CURRENT_TIMESTAMP,
  `pro_departamento` varchar(200) DEFAULT NULL,
  PRIMARY KEY (`pro_id`),
  KEY `fk_proyecto_organizacion_idx` (`org_id`),
  CONSTRAINT `fk_proyecto_organizacion` FOREIGN KEY (`org_id`) REFERENCES `organizacion` (`org_id`) ON DELETE NO ACTION ON UPDATE NO ACTION
) ENGINE=InnoDB AUTO_INCREMENT=269 DEFAULT CHARSET=latin1;
/*!40101 SET character_set_client = @saved_cs_client */;

--
-- Dumping data for table `proyecto`
--

LOCK TABLES `proyecto` WRITE;
/*!40000 ALTER TABLE `proyecto` DISABLE KEYS */;
INSERT INTO `proyecto` VALUES (2,37,'COL-15/DDA-3418/SA/SAN-WASH-Pr/INGO/2095','Artesanos de Vida - Artisans of life ','El proyecto se orienta a personas en situación de desplazamiento y/o receptoras afectadas por el conflicto armado, en las cabeceras municipales de los municipios de Solita y Curillo, departamento de Caquetá. La intervención se realizará a través de la labor humanitaria de Diakonie Katastrophenhilfe (DKH) - el departamento humanitario del ?Evangelisches Werk für Diakonie und Entwicklung? - (EWDE/DKH) y la ONG local Corporación Manigua Corpomanigua?. En el Caquetá el conflicto armado ha causado gr','2015-12-21','2016-12-26','En ejecución','2016-07-31 03:54:14','Caquetá'),(3,38,'COL-15/DDA-3418/SA/WASH-SAN-Pr/INGO/2097','Humanitarian assistance for families, including older people, affected by the internal conflict in Cartagena del Chairá - Caquetá.','Este proyecto brindará atención integral a familias afectadas por desplazamiento forzado de los últimos 18 meses y que afrontan restricciones de movilidad en Cartagena del Chairá, Caquetá, en la zona urbana ?La Ciudadela Chairense? y rural cuyo centro es la vereda Bolivia y Miraflores Bajo. Atención psicosocial a través de procesos de formación grupal y acompañamiento familiar e individual en articulación con la Personería municipal y la Comisaría de familia. La formación grupal es parte de la a','2016-01-18','2016-08-30','En ejecución','2016-07-31 03:54:19','Caquetá'),(4,39,'UTF/COL/071/COL','Fortalecimiento de la Resiliencia del Sector Agropecuario en Colombia ','Fortalecer de las capacidades de familias de la comunidad indígena Wayúu en la Guajira, en el empleo de insumos adecuados, para la protección de sus medios de subsistencia agropecuarios','2015-11-16','2016-08-31','En ejecución','2016-07-31 03:54:24','La Guajira'),(5,40,'COL-15/DDA-3418/SA/SAN/NGO/2091','Mejora de la Seguridad alimentaria y fortalecimiento de la capacidad de resiliencia de familias afectadas por el derrame de crudo en 21 comunidades rurales de San Andres de Tumaco','21/12/2015El proyecto busca proveer seguridad alimentaria a 818 familias (1740 mujeres/niñas y 1548 hombres/niños) de 21 comunidades de zona rural de Tumaco afectadas por el derrame de crudo en el río Mira (junio 2015) ? desglose por edad y sexo en Anexo 001- con enfoque de género y diferencial, a través de una intervención en el sector de SAN priorizado por la actualización de octubre 2015 a la evaluación MIRA de julio 2015. PLAN pretende dar respuesta de manera equitativa y sin discriminación ','2015-12-21','2016-12-20','En ejecución','2016-07-31 03:54:28','Nariño'),(6,41,'P.226-006/2015','Asistencia humanitaria de la población deportada, repatriada, expulsada y con retorno voluntario de la zona fronteriza con Venezuela en el Corregimiento de Paraguachon ? Municipio de Maicao - Departam','El proyecto tiene como fin atender personas de retorno voluntario: Individuos de ambas nacionalidades  que tienen la intención de cruzar la frontera desde Venezuela hacia Colombia, en búsqueda de una protección en el territorio Colombiano, los cuales se encuentren en estado de vulnerabilidad y requieren de ayuda humanitaria de emergencia en Colombia.','2015-12-01','2016-05-31','En ejecución','2016-07-31 03:54:32','La Guajira'),(7,42,'200708 - 1','OPERACION PROLONGADA DE SOCORRO Y RECUPERACION 200708','ALIMENTO POR ACTIVOS','2015-11-25','2016-03-25','Finalizado','2016-07-31 03:54:36','Antioquia'),(8,42,'200708 - 2','OPERACION PROLONGADA DE SOCORRO Y RECUPERACION 200709','ALIMENTO POR ACTIVOS','2015-11-09','2016-02-09','Finalizado','2016-07-31 03:54:39','Antioquia'),(9,42,'200708 - 3','OPERACION PROLONGADA DE SOCORRO Y RECUPERACION 200710','ALIMENTO POR ACTIVOS','2015-11-09','2016-03-09','Finalizado','2016-07-31 03:54:45','Antioquia'),(10,42,'200708 - 4','OPERACION PROLONGADA DE SOCORRO Y RECUPERACION 200711','ALIMENTO POR ACTIVOS','2015-11-25','2016-03-25','Finalizado','2016-07-31 03:54:50','Antioquia'),(11,42,'200708 - 5','OPERACION PROLONGADA DE SOCORRO Y RECUPERACION 200712','ALIMENTO POR ACTIVOS','2015-12-09','2016-01-09','Finalizado','2016-07-31 03:54:54','Antioquia'),(12,42,'200708 - 6','OPERACION PROLONGADA DE SOCORRO Y RECUPERACION 200713','ALIMENTO POR ACTIVOS','2015-12-11','2016-03-11','Finalizado','2016-07-31 03:54:58','Antioquia'),(13,42,'200708 - 7','OPERACION PROLONGADA DE SOCORRO Y RECUPERACION 200714','ALIMENTO POR ACTIVOS','2015-12-11','2016-04-11','En ejecución','2016-07-31 03:55:01','Antioquia'),(14,42,'200708 - 8','OPERACION PROLONGADA DE SOCORRO Y RECUPERACION 200715','ALIMENTO POR ACTIVOS','2015-12-15','2016-04-15','En ejecución','2016-07-31 03:55:05','Antioquia'),(15,42,'200708 - 9','OPERACION PROLONGADA DE SOCORRO Y RECUPERACION 200716','ALIMENTO POR ACTIVOS','2015-11-25','2016-03-25','Finalizado','2016-07-31 03:55:08','Antioquia'),(16,42,'200708 - 10','OPERACION PROLONGADA DE SOCORRO Y RECUPERACION 200717','ALIMENTO POR ACTIVOS','2015-10-26','2016-02-26','Finalizado','2016-07-31 03:55:11','Antioquia'),(17,42,'200708 - 11','OPERACION PROLONGADA DE SOCORRO Y RECUPERACION 200718','ALIMENTO POR ACTIVOS','2015-11-25','2016-03-25','Finalizado','2016-07-31 03:55:14','Antioquia'),(18,42,'200708 - 12','OPERACION PROLONGADA DE SOCORRO Y RECUPERACION 200719','ALIMENTO POR ACTIVOS','2015-11-27','2016-01-27','Finalizado','2016-07-31 03:55:17','Antioquia'),(19,42,'200708 - 13','OPERACION PROLONGADA DE SOCORRO Y RECUPERACION 200720','ALIMENTO POR ACTIVOS','2015-11-27','2016-02-27','Finalizado','2016-07-31 03:55:20','Antioquia'),(20,42,'200708 - 14','OPERACION PROLONGADA DE SOCORRO Y RECUPERACION 200721','ALIMENTO POR ACTIVOS','2015-11-27','2016-03-27','Finalizado','2016-07-31 03:55:23','Antioquia'),(21,42,'200708 - 15','OPERACION PROLONGADA DE SOCORRO Y RECUPERACION 200722','SOCORRO INDIVIDUAL','2015-11-25','2016-03-25','Finalizado','2016-07-31 03:55:24','Caquetá'),(22,42,'200708 - 16','OPERACION PROLONGADA DE SOCORRO Y RECUPERACION 200723','ALIMENTO POR ACTIVOS','2015-11-09','2016-03-08','Finalizado','2016-07-31 03:55:26','Caquetá'),(23,42,'200708 - 17','OPERACION PROLONGADA DE SOCORRO Y RECUPERACION 200724','ALIMENTOS POR CAPACITACION','2015-11-27','2016-02-27','Finalizado','2016-07-31 03:55:31','Caquetá'),(24,42,'200708 - 18','OPERACION PROLONGADA DE SOCORRO Y RECUPERACION 200725','ALIMENTOS POR CAPACITACION','2015-11-27','2016-03-27','Finalizado','2016-07-31 03:55:35','Caquetá'),(25,42,'200708 - 19','OPERACION PROLONGADA DE SOCORRO Y RECUPERACION 200726','ALIMENTOS POR CAPACITACION','2015-12-15','2016-04-15','En ejecución','2016-07-31 03:55:40','Caquetá'),(26,42,'200708 - 20','OPERACION PROLONGADA DE SOCORRO Y RECUPERACION 200727','ALIMENTOS POR CAPACITACION','2015-11-25','2016-03-25','Finalizado','2016-07-31 03:55:43','Caquetá'),(27,42,'200708 - 21','OPERACION PROLONGADA DE SOCORRO Y RECUPERACION 200728','ALIMENTOS POR CAPACITACION','2015-12-16','2016-04-16','En ejecución','2016-07-31 03:55:46','Caquetá'),(28,42,'200708 - 22','OPERACION PROLONGADA DE SOCORRO Y RECUPERACION 200729','SOCORRO COMUNIDADES','2015-12-15','2016-05-15','En ejecución','2016-07-31 03:55:50','Caquetá'),(29,42,'200708 - 23','OPERACION PROLONGADA DE SOCORRO Y RECUPERACION 200730','SOCORRO INDIVIDUAL','2015-12-15','2016-04-15','En ejecución','2016-07-31 03:55:52','Caquetá'),(30,42,'200708 - 24','OPERACION PROLONGADA DE SOCORRO Y RECUPERACION 200731','SOCORRO INDIVIDUAL','2015-12-15','2016-05-15','En ejecución','2016-07-31 03:55:58','Caquetá'),(31,42,'200708 - 25','OPERACION PROLONGADA DE SOCORRO Y RECUPERACION 200732','SOCORRO INDIVIDUAL','2015-12-16','2016-04-16','En ejecución','2016-07-31 03:56:04','Caquetá'),(32,42,'200708 - 26','OPERACION PROLONGADA DE SOCORRO Y RECUPERACION 200733','ALIMENTO POR ACTIVOS','2015-11-06','2016-03-05','Finalizado','2016-07-31 03:56:09','Caquetá'),(33,42,'200708 - 27','OPERACION PROLONGADA DE SOCORRO Y RECUPERACION 200734','SOCORRO COMUNIDADES','2015-10-28','2016-03-26','Finalizado','2016-07-31 03:56:17','Caquetá'),(34,42,'200708 - 28','OPERACION PROLONGADA DE SOCORRO Y RECUPERACION 200735','SOCORRO COMUNIDADES','2015-11-25','2016-04-25','En ejecución','2016-07-31 03:56:27','Caquetá'),(35,42,'200708 - 29','OPERACION PROLONGADA DE SOCORRO Y RECUPERACION 200736','SOCORRO COMUNIDADES','2015-12-16','2016-05-16','En ejecución','2016-07-31 03:56:43','Caquetá'),(36,42,'200708 - 30','OPERACION PROLONGADA DE SOCORRO Y RECUPERACION 200737','SOCORRO INDIVIDUAL','2015-11-25','2016-03-25','Finalizado','2016-07-31 03:56:58','Caquetá'),(37,42,'200708 - 31','OPERACION PROLONGADA DE SOCORRO Y RECUPERACION 200738','ALIMENTOS POR CAPACITACION','2015-10-28','2016-02-25','Finalizado','2016-07-31 03:57:04','Caquetá'),(38,42,'200708 - 32','OPERACION PROLONGADA DE SOCORRO Y RECUPERACION 200739','ALIMENTO POR ACTIVOS','2015-11-06','2016-03-05','Finalizado','2016-07-31 03:57:07','Caquetá'),(39,42,'200708 - 33','OPERACION PROLONGADA DE SOCORRO Y RECUPERACION 200740','ALIMENTO POR ACTIVOS','2015-11-18','2016-03-18','Finalizado','2016-07-31 03:57:11','Cauca'),(40,42,'200708 - 34','OPERACION PROLONGADA DE SOCORRO Y RECUPERACION 200741','ALIMENTOS POR CAPACITACION','2015-11-17','2016-02-17','Finalizado','2016-07-31 03:57:13','Cauca'),(41,42,'200708 - 35','OPERACION PROLONGADA DE SOCORRO Y RECUPERACION 200742','ALIMENTOS POR CAPACITACION','2015-11-17','2016-03-17','Finalizado','2016-07-31 03:57:18','Cauca'),(42,42,'200708 - 36','OPERACION PROLONGADA DE SOCORRO Y RECUPERACION 200743','ALIMENTOS POR CAPACITACION','2015-11-23','2016-02-23','Finalizado','2016-07-31 03:57:21','Cauca'),(43,42,'200708 - 37','OPERACION PROLONGADA DE SOCORRO Y RECUPERACION 200744','ALIMENTOS POR CAPACITACION','2015-11-25','2016-02-25','Finalizado','2016-07-31 03:57:23','Cauca'),(44,42,'200708 - 38','OPERACION PROLONGADA DE SOCORRO Y RECUPERACION 200745','ALIMENTOS POR CAPACITACION','2015-11-27','2016-02-27','Finalizado','2016-07-31 03:57:26','Cauca'),(45,42,'200708 - 39','OPERACION PROLONGADA DE SOCORRO Y RECUPERACION 200746','ALIMENTOS POR CAPACITACION','2015-12-07','2016-04-07','En ejecución','2016-07-31 03:57:31','Cauca'),(46,42,'200708 - 40','OPERACION PROLONGADA DE SOCORRO Y RECUPERACION 200747','ALIMENTOS POR CAPACITACION','2015-11-19','2016-03-18','Finalizado','2016-07-31 03:57:34','Cauca'),(47,42,'200708 - 41','OPERACION PROLONGADA DE SOCORRO Y RECUPERACION 200748','ALIMENTOS POR CAPACITACION','2015-11-17','2016-03-17','Finalizado','2016-07-31 03:57:39','Cauca'),(48,42,'200708 - 42','OPERACION PROLONGADA DE SOCORRO Y RECUPERACION 200749','SOCORRO COMUNIDADES','2015-09-29','2016-02-29','Finalizado','2016-07-31 03:57:43','Cauca'),(49,42,'200708 - 43','OPERACION PROLONGADA DE SOCORRO Y RECUPERACION 200750','SOCORRO COMUNIDADES','2015-11-09','2016-04-07','En ejecución','2016-07-31 03:57:47','Cauca'),(50,42,'200708 - 44','OPERACION PROLONGADA DE SOCORRO Y RECUPERACION 200751','ALIMENTOS POR CAPACITACION','2015-11-26','2016-03-26','Finalizado','2016-07-31 03:57:50','Cauca'),(51,42,'200708 - 45','OPERACION PROLONGADA DE SOCORRO Y RECUPERACION 200752','SOCORRO COMUNIDADES','2015-11-30','2016-04-28','En ejecución','2016-07-31 03:57:54','Cauca'),(52,42,'200708 - 46','OPERACION PROLONGADA DE SOCORRO Y RECUPERACION 200753','ALIMENTO POR ACTIVOS','2015-12-04','2016-04-04','En ejecución','2016-07-31 03:57:56','Cauca'),(53,42,'200708 - 47','OPERACION PROLONGADA DE SOCORRO Y RECUPERACION 200754','ALIMENTO POR ACTIVOS','2015-11-23','2016-02-21','Finalizado','2016-07-31 03:57:59','Cauca'),(54,42,'200708 - 48','OPERACION PROLONGADA DE SOCORRO Y RECUPERACION 200755','SOCORRO COMUNIDADES','2015-11-23','2016-03-22','Finalizado','2016-07-31 03:58:00','Cauca'),(55,42,'200708 - 49','OPERACION PROLONGADA DE SOCORRO Y RECUPERACION 200756','ALIMENTOS POR CAPACITACION','2015-11-23','2016-03-22','Finalizado','2016-07-31 03:58:02','Cauca'),(56,42,'200708 - 50','OPERACION PROLONGADA DE SOCORRO Y RECUPERACION 200757','SOCORRO COMUNIDADES','2015-11-23','2016-04-21','En ejecución','2016-07-31 03:58:04','Cauca'),(57,42,'200708 - 51','OPERACION PROLONGADA DE SOCORRO Y RECUPERACION 200758','ALIMENTOS POR CAPACITACION','2015-11-26','2016-03-26','Finalizado','2016-07-31 03:58:05','Cauca'),(58,42,'200708 - 52','OPERACION PROLONGADA DE SOCORRO Y RECUPERACION 200759','SOCORRO COMUNIDADES','2015-11-30','2016-04-28','En ejecución','2016-07-31 03:58:07','Cauca'),(59,42,'200708 - 53','OPERACION PROLONGADA DE SOCORRO Y RECUPERACION 200760','ALIMENTOS POR CAPACITACION','2015-11-13','2016-03-13','Finalizado','2016-07-31 03:58:09','Cauca'),(60,42,'200708 - 54','OPERACION PROLONGADA DE SOCORRO Y RECUPERACION 200761','ALIMENTOS POR CAPACITACION','2015-11-18','2016-03-18','Finalizado','2016-07-31 03:58:11','Cauca'),(61,42,'200708 - 55','OPERACION PROLONGADA DE SOCORRO Y RECUPERACION 200762','ALIMENTOS POR CAPACITACION','2015-11-17','2016-06-04','En ejecución','2016-07-31 03:58:12','Cauca'),(62,42,'200708 - 56','OPERACION PROLONGADA DE SOCORRO Y RECUPERACION 200763','ALIMENTOS POR CAPACITACION','2015-11-13','2016-03-13','Finalizado','2016-07-31 03:58:14','Cauca'),(63,42,'200708 - 57','OPERACION PROLONGADA DE SOCORRO Y RECUPERACION 200764','ALIMENTOS POR CAPACITACION','2015-11-23','2016-03-23','Finalizado','2016-07-31 03:58:16','Cauca'),(64,42,'200708 - 58','OPERACION PROLONGADA DE SOCORRO Y RECUPERACION 200765','ALIMENTOS POR CAPACITACION','2015-11-17','2016-03-16','Finalizado','2016-07-31 03:58:19','Cauca'),(65,42,'200708 - 59','OPERACION PROLONGADA DE SOCORRO Y RECUPERACION 200766','ALIMENTO POR ACTIVOS','2015-11-20','2016-03-20','Finalizado','2016-07-31 03:58:20','Cauca'),(66,42,'200708 - 60','OPERACION PROLONGADA DE SOCORRO Y RECUPERACION 200767','SOCORRO COMUNIDADES','2015-11-23','2016-04-21','En ejecución','2016-07-31 03:58:22','Cauca'),(67,42,'200708 - 62','OPERACION PROLONGADA DE SOCORRO Y RECUPERACION 200769','SOCORRO COMUNIDADES','2015-11-10','2016-04-08','En ejecución','2016-07-31 03:58:24','Chocó'),(68,42,'200708 - 64','OPERACION PROLONGADA DE SOCORRO Y RECUPERACION 200771','ALIMENTOS POR CAPACITACION','2015-10-02','2016-01-02','Finalizado','2016-07-31 03:58:27','Chocó'),(69,42,'200708 - 65','OPERACION PROLONGADA DE SOCORRO Y RECUPERACION 200772','SOCORRO COMUNIDADES','2015-11-11','2016-02-09','Finalizado','2016-07-31 03:58:30','Chocó'),(70,42,'200708 - 66','OPERACION PROLONGADA DE SOCORRO Y RECUPERACION 200773','ALIMENTOS POR CAPACITACION','2015-11-23','2016-01-22','Finalizado','2016-07-31 03:58:32','Chocó'),(71,42,'200708 - 68','OPERACION PROLONGADA DE SOCORRO Y RECUPERACION 200775','ALIMENTOS POR CAPACITACION','2015-11-13','2016-01-13','Finalizado','2016-07-31 03:58:34','Chocó'),(72,42,'200708 - 69','OPERACION PROLONGADA DE SOCORRO Y RECUPERACION 200776','ALIMENTOS POR CAPACITACION','2015-11-13','2016-03-13','Finalizado','2016-07-31 03:58:36','Chocó'),(73,42,'200708 - 70','OPERACION PROLONGADA DE SOCORRO Y RECUPERACION 200777','ALIMENTO POR ACTIVOS','2015-11-25','2016-02-25','Finalizado','2016-07-31 03:58:38','Córdoba'),(74,42,'200708 - 71','OPERACION PROLONGADA DE SOCORRO Y RECUPERACION 200778','ALIMENTO POR ACTIVOS','2015-11-04','2016-02-04','Finalizado','2016-07-31 03:58:40','Córdoba'),(75,42,'200708 - 72','OPERACION PROLONGADA DE SOCORRO Y RECUPERACION 200779','ALIMENTO POR ACTIVOS','2015-12-07','2016-02-07','Finalizado','2016-07-31 03:58:42','Córdoba'),(76,42,'200708 - 73','OPERACION PROLONGADA DE SOCORRO Y RECUPERACION 200780','ALIMENTO POR ACTIVOS','2015-12-07','2016-03-07','Finalizado','2016-07-31 03:58:44','Córdoba'),(77,42,'200708 - 74','OPERACION PROLONGADA DE SOCORRO Y RECUPERACION 200781','ALIMENTOS POR CAPACITACION','2015-11-25','2016-02-25','Finalizado','2016-07-31 03:58:47','Córdoba'),(78,42,'200708 - 75','OPERACION PROLONGADA DE SOCORRO Y RECUPERACION 200782','ALIMENTOS POR CAPACITACION','2015-11-25','2016-02-25','Finalizado','2016-07-31 03:58:48','Córdoba'),(79,42,'200708 - 76','OPERACION PROLONGADA DE SOCORRO Y RECUPERACION 200783','ALIMENTOS POR CAPACITACION','2015-12-11','2016-03-11','Finalizado','2016-07-31 03:58:50','Córdoba'),(80,42,'200708 - 78','OPERACION PROLONGADA DE SOCORRO Y RECUPERACION 200785','ALIMENTOS POR CAPACITACION','2015-11-10','2016-02-10','Finalizado','2016-07-31 03:58:53','Córdoba'),(81,42,'200708 - 79','OPERACION PROLONGADA DE SOCORRO Y RECUPERACION 200786','ALIMENTOS POR CAPACITACION','2015-12-11','2016-02-11','Finalizado','2016-07-31 03:58:55','Córdoba'),(82,42,'200708 - 80','OPERACION PROLONGADA DE SOCORRO Y RECUPERACION 200787','ALIMENTOS POR CAPACITACION','2015-12-11','2016-03-11','Finalizado','2016-07-31 03:58:57','Córdoba'),(83,42,'200708 - 81','OPERACION PROLONGADA DE SOCORRO Y RECUPERACION 200788','ALIMENTOS POR CAPACITACION','2015-12-14','2016-03-14','Finalizado','2016-07-31 03:58:59','Córdoba'),(84,42,'200708 - 82','OPERACION PROLONGADA DE SOCORRO Y RECUPERACION 200789','ALIMENTO POR ACTIVOS','2015-11-25','2016-02-25','Finalizado','2016-07-31 03:59:01','Córdoba'),(85,42,'200708 - 83','OPERACION PROLONGADA DE SOCORRO Y RECUPERACION 200790','ALIMENTO POR ACTIVOS','2015-12-01','2016-03-01','Finalizado','2016-07-31 03:59:03','Córdoba'),(86,42,'200708 - 84','OPERACION PROLONGADA DE SOCORRO Y RECUPERACION 200791','ALIMENTOS POR CAPACITACION','2015-11-25','2016-02-25','Finalizado','2016-07-31 03:59:06','Córdoba'),(87,42,'200708 - 85','OPERACION PROLONGADA DE SOCORRO Y RECUPERACION 200792','ALIMENTO POR ACTIVOS','2015-11-25','2016-02-25','Finalizado','2016-07-31 03:59:08','Córdoba'),(88,42,'200708 - 86','OPERACION PROLONGADA DE SOCORRO Y RECUPERACION 200793','ALIMENTOS POR CAPACITACION','2015-11-25','2016-02-25','Finalizado','2016-07-31 03:59:10','Córdoba'),(89,42,'200708 - 88','OPERACION PROLONGADA DE SOCORRO Y RECUPERACION 200795','ALIMENTO POR ACTIVOS','2015-11-09','2016-02-09','Finalizado','2016-07-31 03:59:11','Córdoba'),(90,42,'200708 - 89','OPERACION PROLONGADA DE SOCORRO Y RECUPERACION 200796','ALIMENTO POR ACTIVOS','2015-12-11','2016-02-11','Finalizado','2016-07-31 03:59:13','Córdoba'),(91,42,'200708 - 90','OPERACION PROLONGADA DE SOCORRO Y RECUPERACION 200797','ALIMENTO POR ACTIVOS','2015-12-11','2016-03-11','Finalizado','2016-07-31 03:59:15','Córdoba'),(92,42,'200708 - 91','OPERACION PROLONGADA DE SOCORRO Y RECUPERACION 200798','ALIMENTOS POR CAPACITACION','2015-11-25','2016-02-25','Finalizado','2016-07-31 03:59:16','Córdoba'),(93,42,'200708 - 92','OPERACION PROLONGADA DE SOCORRO Y RECUPERACION 200799','ALIMENTO POR ACTIVOS','2015-11-25','2016-02-25','Finalizado','2016-07-31 03:59:20','Córdoba'),(94,42,'200708 - 94','OPERACION PROLONGADA DE SOCORRO Y RECUPERACION 200801','ALIMENTO POR ACTIVOS','2015-11-10','2016-02-10','Finalizado','2016-07-31 03:59:23','Córdoba'),(95,42,'200708 - 95','OPERACION PROLONGADA DE SOCORRO Y RECUPERACION 200802','ALIMENTO POR ACTIVOS','2015-12-11','2016-03-11','Finalizado','2016-07-31 03:59:26','Córdoba'),(96,42,'200708 - 96','OPERACION PROLONGADA DE SOCORRO Y RECUPERACION 200803','ALIMENTO POR ACTIVOS','2015-11-25','2016-02-25','Finalizado','2016-07-31 03:59:29','Córdoba'),(97,42,'200708 - 97','OPERACION PROLONGADA DE SOCORRO Y RECUPERACION 200804','ALIMENTO POR ACTIVOS','2015-11-25','2016-02-25','Finalizado','2016-07-31 03:59:31','Córdoba'),(98,42,'200708 - 98','OPERACION PROLONGADA DE SOCORRO Y RECUPERACION 200805','ALIMENTO POR ACTIVOS','2015-11-27','2016-02-27','Finalizado','2016-07-31 03:59:33','Córdoba'),(99,42,'200708 - 99','OPERACION PROLONGADA DE SOCORRO Y RECUPERACION 200806','ALIMENTOS POR CAPACITACION','2015-12-11','2016-04-11','En ejecución','2016-07-31 03:59:34','La Guajira'),(100,42,'200708 - 100','OPERACION PROLONGADA DE SOCORRO Y RECUPERACION 200807','ALIMENTO POR ACTIVOS','2015-09-01','2016-01-01','Finalizado','2016-07-31 03:59:36','La Guajira'),(101,42,'200708 - 101','OPERACION PROLONGADA DE SOCORRO Y RECUPERACION 200808','ALIMENTO POR ACTIVOS','2015-11-17','2016-04-17','En ejecución','2016-07-31 03:59:38','La Guajira'),(102,42,'200708 - 102','OPERACION PROLONGADA DE SOCORRO Y RECUPERACION 200809','ALIMENTO POR ACTIVOS','2015-12-10','2016-04-10','En ejecución','2016-07-31 03:59:40','La Guajira'),(103,42,'200708 - 103','OPERACION PROLONGADA DE SOCORRO Y RECUPERACION 200810','ALIMENTO POR ACTIVOS','2015-11-25','2016-03-25','Finalizado','2016-07-31 03:59:43','La Guajira'),(104,42,'200708 - 105','OPERACION PROLONGADA DE SOCORRO Y RECUPERACION 200812','ALIMENTOS POR CAPACITACION','2015-09-01','2016-01-01','Finalizado','2016-07-31 03:59:45','La Guajira'),(105,42,'200708 - 106','OPERACION PROLONGADA DE SOCORRO Y RECUPERACION 200813','ALIMENTOS POR CAPACITACION','2015-10-27','2016-02-27','Finalizado','2016-07-31 03:59:46','La Guajira'),(106,42,'200708 - 107','OPERACION PROLONGADA DE SOCORRO Y RECUPERACION 200814','ALIMENTOS POR CAPACITACION','2015-10-27','2016-03-27','Finalizado','2016-07-31 03:59:49','La Guajira'),(107,42,'200708 - 108','OPERACION PROLONGADA DE SOCORRO Y RECUPERACION 200815','ALIMENTOS POR CAPACITACION','2015-12-11','2016-04-11','En ejecución','2016-07-31 03:59:51','La Guajira'),(108,42,'200708 - 109','OPERACION PROLONGADA DE SOCORRO Y RECUPERACION 200816','ALIMENTOS POR CAPACITACION','2015-12-11','2016-05-11','En ejecución','2016-07-31 03:59:53','La Guajira'),(109,42,'200708 - 110','OPERACION PROLONGADA DE SOCORRO Y RECUPERACION 200817','ALIMENTO POR ACTIVOS','2015-11-10','2016-03-09','Finalizado','2016-07-31 03:59:55','La Guajira'),(110,42,'200708 - 111','OPERACION PROLONGADA DE SOCORRO Y RECUPERACION 200818','ALIMENTO POR ACTIVOS','2015-12-11','2016-01-11','Finalizado','2016-07-31 03:59:59','La Guajira'),(111,42,'200708 - 112','OPERACION PROLONGADA DE SOCORRO Y RECUPERACION 200819','ALIMENTOS POR CAPACITACION','2015-10-27','2016-02-27','Finalizado','2016-07-31 04:00:03','La Guajira'),(112,42,'200708 - 113','OPERACION PROLONGADA DE SOCORRO Y RECUPERACION 200820','ALIMENTOS POR CAPACITACION','2015-10-27','2016-03-27','Finalizado','2016-07-31 04:00:05','La Guajira'),(113,42,'200708 - 114','OPERACION PROLONGADA DE SOCORRO Y RECUPERACION 200821','ALIMENTOS POR CAPACITACION','2015-12-11','2016-04-11','En ejecución','2016-07-31 04:00:08','La Guajira'),(114,42,'200708 - 115','OPERACION PROLONGADA DE SOCORRO Y RECUPERACION 200822','ALIMENTOS POR CAPACITACION','2015-12-11','2016-05-11','En ejecución','2016-07-31 04:00:12','La Guajira'),(115,42,'200708 - 116','OPERACION PROLONGADA DE SOCORRO Y RECUPERACION 200823','ALIMENTO POR ACTIVOS','2015-09-08','2016-01-08','Finalizado','2016-07-31 04:00:17','La Guajira'),(116,42,'200708 - 118','OPERACION PROLONGADA DE SOCORRO Y RECUPERACION 200825','ALIMENTO POR ACTIVOS','2015-12-10','2016-04-10','En ejecución','2016-07-31 04:00:21','La Guajira'),(117,42,'200708 - 119','OPERACION PROLONGADA DE SOCORRO Y RECUPERACION 200826','ALIMENTO POR ACTIVOS','2015-12-10','2016-05-10','En ejecución','2016-07-31 04:00:24','La Guajira'),(118,42,'200708 - 120','OPERACION PROLONGADA DE SOCORRO Y RECUPERACION 200827','ALIMENTO POR ACTIVOS','2015-11-10','2016-03-09','Finalizado','2016-07-31 04:00:26','La Guajira'),(119,42,'200708 - 122','OPERACION PROLONGADA DE SOCORRO Y RECUPERACION 200829','ALIMENTO POR ACTIVOS','2015-11-13','2016-04-13','En ejecución','2016-07-31 04:00:29','La Guajira'),(120,42,'200708 - 123','OPERACION PROLONGADA DE SOCORRO Y RECUPERACION 200830','ALIMENTO POR ACTIVOS','2015-11-19','2016-03-19','Finalizado','2016-07-31 04:00:31','La Guajira'),(121,42,'200708 - 124','OPERACION PROLONGADA DE SOCORRO Y RECUPERACION 200831','ALIMENTO POR ACTIVOS','2015-12-10','2016-04-10','En ejecución','2016-07-31 04:00:36','La Guajira'),(122,42,'200708 - 125','OPERACION PROLONGADA DE SOCORRO Y RECUPERACION 200832','ALIMENTO POR ACTIVOS','2015-12-10','2016-05-10','En ejecución','2016-07-31 04:00:41','La Guajira'),(123,42,'200708 - 126','OPERACION PROLONGADA DE SOCORRO Y RECUPERACION 200833','ALIMENTO POR ACTIVOS','2015-11-03','2016-03-03','Finalizado','2016-07-31 04:00:45','La Guajira'),(124,42,'200708 - 127','OPERACION PROLONGADA DE SOCORRO Y RECUPERACION 200834','ALIMENTO POR ACTIVOS','2015-12-10','2016-04-10','En ejecución','2016-07-31 04:00:50','La Guajira'),(125,42,'200708 - 128','OPERACION PROLONGADA DE SOCORRO Y RECUPERACION 200835','ALIMENTOS POR CAPACITACION','2015-11-19','2016-03-19','Finalizado','2016-07-31 04:00:52','La Guajira'),(126,42,'200708 - 129','OPERACION PROLONGADA DE SOCORRO Y RECUPERACION 200836','ALIMENTOS POR CAPACITACION','2015-12-04','2016-04-04','En ejecución','2016-07-31 04:00:54','La Guajira'),(127,42,'200708 - 130','OPERACION PROLONGADA DE SOCORRO Y RECUPERACION 200837','ALIMENTOS POR CAPACITACION','2015-12-11','2016-04-11','En ejecución','2016-07-31 04:00:55','La Guajira'),(128,42,'200708 - 131','OPERACION PROLONGADA DE SOCORRO Y RECUPERACION 200838','ALIMENTO POR ACTIVOS','2015-09-08','2016-01-08','Finalizado','2016-07-31 04:00:57','La Guajira'),(129,42,'200708 - 133','OPERACION PROLONGADA DE SOCORRO Y RECUPERACION 200840','ALIMENTO POR ACTIVOS','2015-11-17','2016-03-17','Finalizado','2016-07-31 04:00:59','La Guajira'),(130,42,'200708 - 134','OPERACION PROLONGADA DE SOCORRO Y RECUPERACION 200841','ALIMENTO POR ACTIVOS','2015-11-17','2016-04-17','En ejecución','2016-07-31 04:01:01','La Guajira'),(131,42,'200708 - 135','OPERACION PROLONGADA DE SOCORRO Y RECUPERACION 200842','ALIMENTO POR ACTIVOS','2015-11-19','2016-03-19','Finalizado','2016-07-31 04:01:03','La Guajira'),(132,42,'200708 - 136','OPERACION PROLONGADA DE SOCORRO Y RECUPERACION 200843','ALIMENTO POR ACTIVOS','2015-12-10','2016-01-10','Finalizado','2016-07-31 04:01:04','La Guajira'),(133,42,'200708 - 137','OPERACION PROLONGADA DE SOCORRO Y RECUPERACION 200844','ALIMENTO POR ACTIVOS','2015-12-10','2016-04-10','En ejecución','2016-07-31 04:01:06','La Guajira'),(134,42,'200708 - 138','OPERACION PROLONGADA DE SOCORRO Y RECUPERACION 200845','ALIMENTO POR ACTIVOS','2015-12-10','2016-05-10','En ejecución','2016-07-31 04:01:08','La Guajira'),(135,42,'200708 - 139','OPERACION PROLONGADA DE SOCORRO Y RECUPERACION 200846','ALIMENTO POR ACTIVOS','2015-11-10','2016-03-09','Finalizado','2016-07-31 04:01:10','La Guajira'),(136,42,'200708 - 140','OPERACION PROLONGADA DE SOCORRO Y RECUPERACION 200847','ALIMENTO POR ACTIVOS','2015-10-20','2016-02-20','Finalizado','2016-07-31 04:01:12','La Guajira'),(137,42,'200708 - 142','OPERACION PROLONGADA DE SOCORRO Y RECUPERACION 200849','ALIMENTO POR ACTIVOS','2015-11-25','2016-03-25','Finalizado','2016-07-31 04:01:14','La Guajira'),(138,42,'200708 - 143','OPERACION PROLONGADA DE SOCORRO Y RECUPERACION 200850','ALIMENTO POR ACTIVOS','2015-12-10','2016-01-10','Finalizado','2016-07-31 04:01:16','La Guajira'),(139,42,'200708 - 144','OPERACION PROLONGADA DE SOCORRO Y RECUPERACION 200851','ALIMENTO POR ACTIVOS','2015-12-10','2016-03-10','Finalizado','2016-07-31 04:01:18','La Guajira'),(140,42,'200708 - 146','OPERACION PROLONGADA DE SOCORRO Y RECUPERACION 200853','ALIMENTO POR ACTIVOS','2015-10-23','2016-02-23','Finalizado','2016-07-31 04:01:20','La Guajira'),(141,42,'200708 - 148','OPERACION PROLONGADA DE SOCORRO Y RECUPERACION 200855','ALIMENTO POR ACTIVOS','2015-12-10','2016-04-10','En ejecución','2016-07-31 04:01:23','La Guajira'),(142,42,'200708 - 149','OPERACION PROLONGADA DE SOCORRO Y RECUPERACION 200856','ALIMENTO POR ACTIVOS','2015-12-10','2016-05-10','En ejecución','2016-07-31 04:01:25','La Guajira'),(143,42,'200708 - 150','OPERACION PROLONGADA DE SOCORRO Y RECUPERACION 200857','ALIMENTO POR ACTIVOS','2015-12-17','2016-01-16','Finalizado','2016-07-31 04:01:26','La Guajira'),(144,42,'200708 - 152','OPERACION PROLONGADA DE SOCORRO Y RECUPERACION 200859','ALIMENTO POR ACTIVOS','2015-11-20','2016-02-18','Finalizado','2016-07-31 04:01:28','Nariño'),(145,42,'200708 - 153','OPERACION PROLONGADA DE SOCORRO Y RECUPERACION 200860','ALIMENTOS POR CAPACITACION','2015-11-27','2016-03-26','Finalizado','2016-07-31 04:01:30','Nariño'),(146,42,'200708 - 154','OPERACION PROLONGADA DE SOCORRO Y RECUPERACION 200861','ALIMENTOS POR CAPACITACION','2015-12-07','2016-02-07','Finalizado','2016-07-31 04:01:32','Nariño'),(147,42,'200708 - 155','OPERACION PROLONGADA DE SOCORRO Y RECUPERACION 200862','ALIMENTO POR ACTIVOS','2015-11-06','2016-03-05','Finalizado','2016-07-31 04:01:34','Nariño'),(148,42,'200708 - 156','OPERACION PROLONGADA DE SOCORRO Y RECUPERACION 200863','ALIMENTOS POR CAPACITACION','2015-11-06','2016-03-05','Finalizado','2016-07-31 04:01:37','Nariño'),(149,42,'200708 - 158','OPERACION PROLONGADA DE SOCORRO Y RECUPERACION 200865','ALIMENTO POR ACTIVOS','2015-11-19','2016-01-18','Finalizado','2016-07-31 04:01:38','Nariño'),(150,42,'200708 - 159','OPERACION PROLONGADA DE SOCORRO Y RECUPERACION 200866','ALIMENTO POR ACTIVOS','2015-10-13','2016-02-10','Finalizado','2016-07-31 04:01:40','Nariño'),(151,42,'200708 - 160','OPERACION PROLONGADA DE SOCORRO Y RECUPERACION 200867','ALIMENTO POR ACTIVOS','2015-11-27','2016-03-26','Finalizado','2016-07-31 04:01:43','Nariño'),(152,42,'200708 - 164','OPERACION PROLONGADA DE SOCORRO Y RECUPERACION 200871','ALIMENTO POR ACTIVOS','2015-11-06','2016-03-05','Finalizado','2016-07-31 04:01:45','Nariño'),(153,42,'200708 - 165','OPERACION PROLONGADA DE SOCORRO Y RECUPERACION 200872','ALIMENTO POR ACTIVOS','2015-11-19','2016-03-18','Finalizado','2016-07-31 04:01:46','Nariño'),(154,42,'200708 - 166','OPERACION PROLONGADA DE SOCORRO Y RECUPERACION 200873','ALIMENTO POR ACTIVOS','2015-11-09','2016-03-08','Finalizado','2016-07-31 04:01:49','Nariño'),(155,42,'200708 - 167','OPERACION PROLONGADA DE SOCORRO Y RECUPERACION 200874','ALIMENTO POR ACTIVOS','2015-11-09','2016-03-08','Finalizado','2016-07-31 04:01:51','Nariño'),(156,42,'200708 - 168','OPERACION PROLONGADA DE SOCORRO Y RECUPERACION 200875','ALIMENTOS POR CAPACITACION','2015-12-14','2016-02-14','Finalizado','2016-07-31 04:01:53','Nariño'),(157,42,'200708 - 169','OPERACION PROLONGADA DE SOCORRO Y RECUPERACION 200876','ALIMENTO POR ACTIVOS','2015-11-11','2016-03-10','Finalizado','2016-07-31 04:01:55','Nariño'),(158,42,'200708 - 170','OPERACION PROLONGADA DE SOCORRO Y RECUPERACION 200877','ALIMENTOS POR CAPACITACION','2015-11-19','2016-02-17','Finalizado','2016-07-31 04:01:57','Nariño'),(159,42,'200708 - 171','OPERACION PROLONGADA DE SOCORRO Y RECUPERACION 200878','ALIMENTO POR ACTIVOS','2015-11-19','2016-03-19','Finalizado','2016-07-31 04:02:00','Norte de Santander'),(160,42,'200708 - 172','OPERACION PROLONGADA DE SOCORRO Y RECUPERACION 200879','ALIMENTOS POR EDUCACION','2015-11-26','2016-02-26','Finalizado','2016-07-31 04:02:02','Putumayo'),(161,42,'200708 - 173','OPERACION PROLONGADA DE SOCORRO Y RECUPERACION 200880','ALIMENTOS POR EDUCACION','2015-11-26','2016-03-26','Finalizado','2016-07-31 04:02:04','Putumayo'),(162,42,'200708 - 174','OPERACION PROLONGADA DE SOCORRO Y RECUPERACION 200881','ALIMENTOS POR EDUCACION','2015-11-26','2016-02-26','Finalizado','2016-07-31 04:02:06','Putumayo'),(163,42,'200708 - 175','OPERACION PROLONGADA DE SOCORRO Y RECUPERACION 200882','ALIMENTOS POR EDUCACION','2015-11-26','2016-02-26','Finalizado','2016-07-31 04:02:08','Putumayo'),(164,42,'200708 - 176','OPERACION PROLONGADA DE SOCORRO Y RECUPERACION 200883','ALIMENTOS POR EDUCACION','2015-11-26','2016-02-26','Finalizado','2016-07-31 04:02:10','Putumayo'),(165,42,'200708 - 177','OPERACION PROLONGADA DE SOCORRO Y RECUPERACION 200884','ALIMENTOS POR EDUCACION','2015-11-26','2016-02-26','Finalizado','2016-07-31 04:02:12','Putumayo'),(166,42,'200708 - 178','OPERACION PROLONGADA DE SOCORRO Y RECUPERACION 200885','ALIMENTOS POR EDUCACION','2015-11-26','2016-02-26','Finalizado','2016-07-31 04:02:14','Putumayo'),(167,42,'200708 - 179','OPERACION PROLONGADA DE SOCORRO Y RECUPERACION 200886','ALIMENTOS POR EDUCACION','2015-11-26','2016-02-26','Finalizado','2016-07-31 04:02:16','Putumayo'),(168,42,'200708 - 180','OPERACION PROLONGADA DE SOCORRO Y RECUPERACION 200887','ALIMENTOS POR EDUCACION','2015-11-26','2016-02-26','Finalizado','2016-07-31 04:02:19','Putumayo'),(169,42,'200708 - 181','OPERACION PROLONGADA DE SOCORRO Y RECUPERACION 200888','ALIMENTOS POR EDUCACION','2015-11-26','2016-02-26','Finalizado','2016-07-31 04:02:21','Putumayo'),(170,42,'200708 - 182','OPERACION PROLONGADA DE SOCORRO Y RECUPERACION 200889','ALIMENTOS POR CAPACITACION','2015-11-05','2016-03-04','Finalizado','2016-07-31 04:02:24','Valle del Cauca'),(171,42,'200708 - 183','OPERACION PROLONGADA DE SOCORRO Y RECUPERACION 200890','ALIMENTOS POR CAPACITACION','2015-12-14','2016-04-14','En ejecución','2016-07-31 04:02:27','Valle del Cauca'),(172,42,'200708 - 184','OPERACION PROLONGADA DE SOCORRO Y RECUPERACION 200891','ALIMENTO POR ACTIVOS','2015-09-08','2016-01-08','Finalizado','2016-07-31 04:02:30','Valle del Cauca'),(173,42,'200708 - 185','OPERACION PROLONGADA DE SOCORRO Y RECUPERACION 200892','ALIMENTOS POR CAPACITACION','2015-11-09','2016-02-09','Finalizado','2016-07-31 04:02:32','Valle del Cauca'),(174,42,'200708 - 186','OPERACION PROLONGADA DE SOCORRO Y RECUPERACION 200893','ALIMENTOS POR CAPACITACION','2015-12-07','2016-03-07','Finalizado','2016-07-31 04:02:36','Valle del Cauca'),(175,42,'200708 - 187','OPERACION PROLONGADA DE SOCORRO Y RECUPERACION 200894','ALIMENTOS POR CAPACITACION','2015-12-07','2016-04-07','En ejecución','2016-07-31 04:02:38','Valle del Cauca'),(176,42,'200708 - 188','OPERACION PROLONGADA DE SOCORRO Y RECUPERACION 200895','SOCORRO COMUNIDADES','2015-11-12','2016-04-12','En ejecución','2016-07-31 04:02:41','Valle del Cauca'),(177,42,'200708 - 189','OPERACION PROLONGADA DE SOCORRO Y RECUPERACION 200896','SOCORRO COMUNIDADES','2015-11-17','2016-03-17','Finalizado','2016-07-31 04:02:43','Valle del Cauca'),(178,42,'200708 - 190','OPERACION PROLONGADA DE SOCORRO Y RECUPERACION 200897','SOCORRO COMUNIDADES','2015-11-27','2016-03-27','Finalizado','2016-07-31 04:02:45','Valle del Cauca'),(179,42,'200708 - 191','OPERACION PROLONGADA DE SOCORRO Y RECUPERACION 200898','SOCORRO COMUNIDADES','2015-12-10','2016-04-10','En ejecución','2016-07-31 04:02:48','Valle del Cauca'),(180,42,'200708 - 192','OPERACION PROLONGADA DE SOCORRO Y RECUPERACION 200899','SOCORRO COMUNIDADES','2015-12-10','2016-05-10','En ejecución','2016-07-31 04:02:50','Valle del Cauca'),(181,42,'200708 - 193','OPERACION PROLONGADA DE SOCORRO Y RECUPERACION 200900','ALIMENTO POR ACTIVOS','2015-09-08','2016-01-08','Finalizado','2016-07-31 04:02:52','Valle del Cauca'),(182,42,'200708 - 194','OPERACION PROLONGADA DE SOCORRO Y RECUPERACION 200901','ALIMENTOS POR CAPACITACION','2015-12-09','2016-04-09','En ejecución','2016-07-31 04:02:54','Valle del Cauca'),(183,42,'200708 - 195','OPERACION PROLONGADA DE SOCORRO Y RECUPERACION 200902','SOCORRO COMUNIDADES','2015-11-17','2016-03-17','Finalizado','2016-07-31 04:02:56','Valle del Cauca'),(184,42,'200708 - 196','OPERACION PROLONGADA DE SOCORRO Y RECUPERACION 200903','SOCORRO COMUNIDADES','2015-11-17','2016-04-17','En ejecución','2016-07-31 04:02:58','Valle del Cauca'),(185,42,'200708 - 197','OPERACION PROLONGADA DE SOCORRO Y RECUPERACION 200904','SOCORRO COMUNIDADES','2015-11-05','2016-03-04','Finalizado','2016-07-31 04:03:00','Valle del Cauca'),(186,42,'200708 - 198','OPERACION PROLONGADA DE SOCORRO Y RECUPERACION 200905','ALIMENTOS POR CAPACITACION','2015-11-05','2016-03-04','Finalizado','2016-07-31 04:03:02','Valle del Cauca'),(187,42,'200708 - 199','OPERACION PROLONGADA DE SOCORRO Y RECUPERACION 200906','ALIMENTOS POR CAPACITACION','2015-11-17','2016-03-16','Finalizado','2016-07-31 04:03:04','Valle del Cauca'),(188,42,'200708 - 200','OPERACION PROLONGADA DE SOCORRO Y RECUPERACION 200907','ALIMENTOS POR CAPACITACION','2015-11-17','2016-03-16','Finalizado','2016-07-31 04:03:05','Valle del Cauca'),(189,42,'200708 - 201','OPERACION PROLONGADA DE SOCORRO Y RECUPERACION 200908','ALIMENTO POR ACTIVOS','2015-11-19','2016-02-19','Finalizado','2016-07-31 04:03:07','Valle del Cauca'),(190,42,'200708 - 202','OPERACION PROLONGADA DE SOCORRO Y RECUPERACION 200909','ALIMENTO POR ACTIVOS','2015-11-19','2016-03-19','Finalizado','2016-07-31 04:03:09','Valle del Cauca'),(191,42,'200708 - 203','OPERACION PROLONGADA DE SOCORRO Y RECUPERACION 200910','ALIMENTO POR ACTIVOS','2015-11-05','2016-03-04','Finalizado','2016-07-31 04:03:11','Valle del Cauca'),(192,42,'200708 - 204','OPERACION PROLONGADA DE SOCORRO Y RECUPERACION 200911','SOCORRO COMUNIDADES','2015-11-25','2016-03-25','Finalizado','2016-07-31 04:03:13','Valle del Cauca'),(193,42,'200708 - 205','OPERACION PROLONGADA DE SOCORRO Y RECUPERACION 200912','SOCORRO COMUNIDADES','2015-11-25','2016-04-25','En ejecución','2016-07-31 04:03:16','Valle del Cauca'),(194,42,'200708 - 206','OPERACION PROLONGADA DE SOCORRO Y RECUPERACION 200913','ALIMENTO POR ACTIVOS','2015-11-05','2016-03-04','Finalizado','2016-07-31 04:03:18','Valle del Cauca'),(195,42,'200708 - 207','OPERACION PROLONGADA DE SOCORRO Y RECUPERACION 200914','ALIMENTOS POR CAPACITACION','2015-11-05','2016-03-04','Finalizado','2016-07-31 04:03:20','Valle del Cauca'),(196,43,'COD5AL','Mejorado el acceso a agua segura de los hombres, mujeres, niños y niñas afectados por el derrame de hidrocarburos en el río Mira. Municipio de Tumaco. Nariño','Agua, saneamiento y promoción de la higiene: mejora del acceso a agua potable, infraestructura de saneamiento y las condiciones de higiene y prácticas','2015-01-10','2016-04-01','En ejecución','2016-07-31 04:03:22','Nariño'),(197,37,'K-COL-2015-4095','Contribuir a mejorar las condiciones de vida  de la población campesina, indígenas y afro afectada por el conflicto armado colombiano en los Departamentos del Cauca, Costa Pacífica Caucana, Guaviare y',' ','2015-10-01','2017-02-28','En ejecución','2016-07-31 04:03:24','Guaviare'),(198,44,'4620','Humanitarian Assistance to Vulnerable Populations Affected by Floods in the Rural Area of Arauquita','La estrategia de intervención se centra en la distribución de kits para la seguridad alimentaria de emergencia en base al estándar de la ayuda humanitaria que ofrece la UNGRD, bonos para la recuperación de los medios de vida sostenibles y NFIs, junto con la capacitación de los beneficiarios-as en la promoción de la higiene (eliminación de residuos sólidos, prácticas de higiene saludables) y Reducción del Riesgo de Desastres (RRD). El proyecto está dirigido a 602 familias (2.323 personas) de 19 p','2015-10-05','2016-04-04','En ejecución','2016-07-31 04:03:27','Arauca'),(199,44,'151','COLOMBIA, INUNDACIONES DE ARAUCA','Atención humanitaria a 9 comunidades rivereñas de Saravena afectadas por las inundaciones de mayo y junio de 2015 en los sectores de Seguridad alimentaria, Agua y Saneamiento y Gestión del Riesgo con atención pisicosocial.','2015-07-01','2016-06-30','En ejecución','2016-07-31 04:03:28','Arauca'),(200,44,'4621','ASISTENCIA HUMANITARIA PARA LA POBLACIÓN RURAL AFECTADA POR LAS INUNDACIONES EN EL MUNICIPIO DE SARAVENA EN EL DEPARTAMENTO DE ARAUCA, COLOMBIA','Atención humanitaria a 9 comunidades rivereñas de Saravena afectadas por las inundaciones de mayo y junio de 2015 en los sectores de Seguridad alimentaria, Agua y Saneamiento y Gestión del Riesgo con atención pisicosocial.','2015-08-01','2016-05-31','En ejecución','2016-07-31 04:03:31','Arauca'),(201,45,'COLC43','Atención de la emergencia por el desabastecimiento de agua a las comunidades indígenas rurales en el municipio de Uribia del departamento de La Guajira','Realizar la optimización del suministro de agua, a tráves del mejoramiento de las condiciones del pozos artesanales existentes,  instalación de sistema de bombeo solar-fotovoltaico, con sus respectivos tanques para almacenamiento y entrega de dotación para el manejo adecuado del agua. Realizar la rehabilitación del sistema de suministro de agua, a través de las reparaciones a  molinos de viento existente, limpieza al pozo subterráneo, y entrega de dotación para el manejo seguro del agua.  Constr','2015-06-25','2016-06-30','En ejecución','2016-07-31 04:03:33','La Guajira'),(202,45,'COLC44','Reducción de los altos índices de morbilidad y mortalidad de la población vulnerable (niños, niñas con énfasis en menores de 5 años, madres gestantes, madres lactantes, adultos mayores) en el área rur','Se contribuye a mejorar las condiciones  de acceso de agua apta para el consumo humano, en cantidad y calidad, a las escuelas y familias priorizadas por el proyecto a través de la adecuación y/o rehabilitación de sistemas de abastecimiento de agua y entrega de filtros caseros e instalación de desalinizadores para el tratamiento del agua. Se fortalecen la resiliencia y las capacidades de las comunidades, escuelas y gobierno municipal  de Manaure para gestionar, mantener y usar de forma autónoma y','2015-08-05','2016-06-14','En ejecución','2016-07-31 04:03:36','La Guajira'),(203,46,'LM.0268','Contribuir a la protección de los derechos laborales con énfasis en migrantes en proyectos extractivos de gran escala en el departamento del Meta','Contribuir a la protección de los derechos laborales de in migrantes externos e internos en proyectos de los sectores de minas y de petróleos ','2015-04-01','2016-03-31','En ejecución','2016-07-31 04:03:38','Meta'),(204,46,'RT.1130','Diseño de acciones de respuesta integral planificada a la migración desordenada en zonas de frontera del departamento de La Guajira - Colombia','Contribuir a que los ciudadanos colombianos retornados de Venezuela reciban respuestas institucionales y comunitarias, integrales, oportunas y relevantes para su protección y atención en zonas de frontera del departamento de La Guajira.','2015-06-01','2016-04-01','En ejecución','2016-07-31 04:03:40','La Guajira'),(205,46,'CS.0721','Mejoramiento Educativo como Estrategia de Estabilización Comunitaria en Zonas de Frontera - Colombia','El proyecto tiene como objetivo contribuir a mejorar la cobertura y pertinencia de la educación de niños, adolescentes y jóvenes (NNAJ) en  departamentos y municipios colombianos priorizados por el Ministerio de Relaciones Exteriores (MRE) en el marco del Plan Fronteras para la Prosperidad (PFP) y la estrategia ?Más y mejores espacios escolares','2015-08-21','2016-12-31','En ejecución','2016-07-31 04:03:42','Amazonas-Arauca-Boyacá-Chocó-Guainía-Nariño-Norte de Santander-Putumayo-Vaupés-Vichada'),(206,46,'RT.1139','Apoyo al Plan de Retorno Positivo del Ministerio de Relaciones ','Contribuir a generar mecanismos adecuados de orientación a  colombianos que regresan al país en situación de vulnerabilidad en materia de alternativas de inserción social, laboral, productiva y atención inmediata en el momento de retornar a Colombia','2015-08-20','2016-04-20','En ejecución','2016-07-31 04:03:51','Atlántico'),(207,47,'1.41818E+11','Fortalecimiento Estructural de la Asistencia e Integración de población Víctima en el Departamento del Caquetá. FORTES','Ha mejorado el aprovechamiento de las ofertas estatales y no estatales de asistencia e integración para desplazados internos en el departamento de Caquetá. El proyecto fomenta la mejora del asesoramiento y la asistencia a desplazados internos, así como la integración socioeconómica de éstos en el departamento de Caquetá, tanto a nivel de municipios como en la coordinación con el nivel nacional.','2014-08-01','2017-03-31','En ejecución','2016-07-31 04:03:53','Caquetá'),(208,37,'DK-Temp-01-2015','Schaffung und Wiederherstellung von sicheren und menschenwürdigen Lebensbedingungen für die vom bewaffneten Konflikt betroffene Bevölkerung im Department Caquetá','Establecer condiciones de vida seguras y humanas por la populación afectada por el conflicto armado en el depatamento Caquetá','2015-08-01','2017-07-31','En ejecución','2016-07-31 04:03:55','Caquetá'),(209,41,'DCV 226-000/2014','Fomento a la resiliencia y mejora de la situación alimenticia de minorías étnicas afectados por el conflicto armado en la Sierra Nevada de Santa Marta, Colombia.','Fomento a la seguridad alimentaria de 8 comunidades de minorías étnicas afectados por el conflicto armado en la Sierra Nevada de Santa Marta y aumento de su resiliencia frente riesgos climáticos, especialmente en términos del abastecimiento con alimentos.','2014-11-01','2017-10-31','En ejecución','2016-07-31 04:03:57','Magdalena-La Guajira'),(210,41,'DCV-Temp-02-2015','Ayuda Humanitaria, protección y resiliencia para la población afectada por el conflicto en el Suroccidente de Colombia.','Ayuda Humanitaria, protección y fortalecimiento de la resiliencia a población afectada por el conflicto en los departamentos de Cauca y Nariño. ','2015-07-01','2016-12-31','En ejecución','2016-07-31 04:04:00','Cauca-Nariño'),(211,48,'7F- 07856.02','Integración de los enfoque de Acción sin Daño y Justicia Transicional en el proceso de Restitución de Tierras','Integrar reflexiones y herramientas de los enfoques de Acción sin Daño y Justicia Transicional Civil con el fin de reducir efectos negativos e impactar de manera positiva y transformadora los contextos en que se desarrolla la restitución de tierras.','2014-05-01','2016-05-01','En ejecución','2016-07-31 04:04:03','Antioquia'),(212,48,'7F-09231.01.01','Proyecto ASIR (Agua y Saneamiento Integral en áreas rurales) Colombia.','Restablecimiento: mejora de las condiciones de vida y promoción del desarrollo local en comunidades rurales afectadas por el desplazamiento forzado. Abogacía para la formulación e implementación de modelos de gestión del agua y el saneamiento con enfoque territorial','2014-12-01','2017-01-01','En ejecución','2016-07-31 04:04:05','Valle del Cauca-Cauca'),(213,45,'7F-COSUDE.2015','Mejoramiento de las condiciones de vida y la resiliencia de comunidades indígenas y afrodescendientes del municipio de Riosucio (Bajo Atrato, Choco), a través de soluciones de acceso a agua y saneamie','Esta propuesta contribuye al mejoramiento de las condiciones actuales de acceso a agua y sanea-miento de la siguiente manera: - 10 comunidades indígenas nuevas mediante:o sistemas de abastecimiento de agua, o baterías sanitarias  (1/escuela/comunidad) y o fortalecimiento de los comités de agua, con un fuerte componente de mitigación de riesgos y trabajo de enfoque de género buscando visibilizar los roles de las mujeres y los hombres y promoviendo la participación de las mujeres en los procesos d','2015-08-20','2017-02-17','En ejecución','2016-07-31 04:04:08','Chocó'),(214,49,'MdM-Canada-01-15','Acceso a servicios de salud primaria, agua segura y a la protección  para las poblaciones rurales indígenas y campesinas afectadas por el conflicto armado en 6 municipalidades de Meta.','* servicios Móviles de salud Primaria y Apoyo psicosocial.*Implementación de Servicios de prevención, control y tratamiento de la desnutrición aguda de los niños/as, gestantes y lactantes y de la población indígena.*Acceso a agua segura.*Acceso a los servicios de salud y legal para las víctimas del conflicto armado','2015-04-01','2016-03-01','Finalizado','2016-07-31 04:04:11','Meta'),(215,38,'ECHO/Prov/HAI/2015/01','Ensuring the appropriate inclusion of older aged IDPs and host community members affected by internal conflict through emergency assistance, protection and early recovery.','Ensuring the appropriate inclusion of older aged IDPs and host community members affected by internal conflict through emergency assistance, protection and early recovery.','2015-08-01','2016-07-01','En ejecución','2016-07-31 04:04:13','Caquetá-Nariño-Valle del Cauca'),(216,50,'ECHO/Prov/SI/2015/01','Humanitarian assistance for doubly-affected communities (by conflict and natural disasters) in theDepartments of Nariño and Valle del Cauca (Colombia)','Humanitarian assistance for doubly-affected communities (by conflict and natural disasters) in theDepartments of Nariño and Valle del Cauca (Colombia)','2015-08-01','2016-08-01','En ejecución','2016-07-31 04:04:17','Nariño-Valle del Cauca'),(217,43,'COA1AL','Promote a comprehensive and coordinated response that addresses the protection and humanitarian attention gaps of women, men and children directly affected by the internal armed conflict in the Putuma','','2015-08-01','2016-07-31','En ejecución','2016-07-31 04:04:20','Putumayo'),(218,37,'7F-08497.02','Prevención y protección de niños/as, adolescentes y Jovenes (NNAJ) frente al reclutamiento, vinculación y utilización por parte de actores armados, y fortalecimiento de capacidades y medios de vida en','Protección de NNAJ afectados por el conflicto armado y/o en alto riesgo de reclutamiento forzado en 5 comunidades de Tierralta, Córdoba y 11 comunidades de Buenaventura, Valle del Cauca. Mejoramiento de las condiciones de vida en estas comunidades través de la recuperación de medios de vida (agua segura, seguridad alimentaria, saneamiento básico).','2014-12-01','2016-11-30','En ejecución','2016-07-31 04:04:22','Córdoba-Valle del Cauca'),(219,43,'COD5AK','Mejora de las condiciones de salud a través del acceso a agua segura, saneamiento e higiene de los hombres, mujeres, niños y niñas vulnerables por el conflicto armado, en el corregimiento de Tierraden','Se distribuirán 400 tanques con capacidad volumétrica de 250 litros, cuyos materiales son inertes, de fácil limpieza y transporte, que no permitan la entrada de roedores o insectos ni que generen riesgos a la salud de las personas, para así mejorar las condiciones de almacenamiento de agua y aumentar su capacidad de almacenamiento a nivel familiar, asegurando un mínimo de 20 litros/persona/día. De igual manera se entregarán 400 sistemas familiares para el tratamiento de agua, los cuales son cons','2015-08-26','2016-02-25','Finalizado','2016-07-31 04:04:25','Córdoba'),(220,43,'COJ1AA','Innovación para suministro de asistencia humanitaria alimentaria de forma ágil, transparente y digna (Putumayo, Colombia)','','2015-12-01','2016-11-30','En ejecución','2016-07-31 04:04:28','Putumayo'),(221,51,'TdH-2015-1','Protección, Salud y WASH para NNA víctimas del conflicto armado','PROTECCION: Identificación, seguimiento y remisión de casos (violencia intrafamiliar, sexual, abuso, maltrato, etc.). Prevención del reclutamiento por grupos armados, reporte de casos identificados. Fortalecimiento de las capacidades de protección al nivel comunitario y auto-protección de los NNA.SALUD: Identificación, seguimiento y remisión de casos de malnutrición y enfermedades prevalentes de la infancia. Barridos nutricionales, seguimiento y restablecimiento de NNA en situación de desnutrici','2015-01-01','2018-01-31','En ejecución','2016-07-31 04:04:30','Córdoba'),(222,52,'ECHO/-SM/BUD/2015/91016','Strengthen the resilience of rural communities in the department of Guajira, enhancing institutionalcapacities in DRM and reducing disaster related risks','Strengthen the resilience of rural communities in the department of Guajira, enhancing institutionalcapacities in DRM and reducing disaster related risks','2015-04-01','2016-09-30','En ejecución','2016-07-31 04:04:32','La Guajira'),(223,53,'72400116','Enhance education institutions and communities capacities for disaster preparedness and protectedenvironment for children.','Enhance education institutions and communities capacities for disaster preparedness and protectedenvironment for children.','2015-04-01','2016-09-30','En ejecución','2016-07-31 04:04:34','Nariño-Cauca'),(224,54,'CRC-01','Proyecto DIPECHO IX, Fortalecimiento de la resiliencia de comunidades rurales  en el departamento de la Guajira y fortalecimiento de capacidades institucionales en el manejo de desastres y reducción d','?Reducir vulnerabilidad y aumentar la resiliencia comunitaria                        *Incrementar la apropiación de los gobiernos locales en materia de Gestión de Riesgo de Desastres                         *Apoyar el proceso de una mayor vinculación de las FFMM en la Gestión de Riesgo de Desastres','2015-04-01','2016-08-01','En ejecución','2016-07-31 04:04:37','La Guajira'),(225,54,'CRC-03','FOMENTO DEL DESARROLLO SOCIOECONÓMICO Y APOYO A LA CONSTRUCCIÓN DE LA PAZ EN COMUNIDADES VULNERABLES DE ZONAS RURALES EN CONTEXTO DE CONFLICTO ARMADO DE LOS DEPARTAMENTOS  DE ARAUCA Y  HUILA','Fortalecer el desarrollo local integral, participativo y sostenible de 1.500 familias de comunidades de desplazados y colectivos vulnerables en áreas rurales afectadas por el conflicto armado en las municipalidades de Arauquita y Saravena (Dpto. Arauca), y Colombia, Baraya y Tello (Dpto. Huila); mejorando sus fuentes generadoras de ingresos y fortaleciendo sus derechos económicos, sociales, culturales, civiles y políticos','2014-04-15','2016-04-16','En ejecución','2016-07-31 04:04:39','Arauca-Huila'),(226,46,'CS.0562','Gerencia de proyectos de reconstrucción de infraestructura de acueducto o saneamiento básico afectada por el fenómeno de la niña 2010 - 2011 en Chocó - Colombia','El proyecto tiene como objetivo contribuir a la estabilización comunitaria a través de la reconstrucción de infraestructura de agua potable y saneamiento básico afectada por el Fenómeno de la Niña 2010-2011 en 14 municipios del departamento de Chocó.  ','2014-03-04','2016-03-03','Finalizado','2016-07-31 04:04:41','Chocó'),(227,46,'CS.0641','Generación del infraestructura educativa en el marco del Plan de Acción sectorial del Departamento del Chocó - Colombia','El proyecto tiene por objeto contribuir a garantizar el acceso a la educación a niños, niñas y jóvenes en el  departamento de Choco en zonas urbanas y rurales. Lo anterior en desarrollo del Plan de Desarrollo Educativo del Choco','2014-07-18','2016-04-30','En ejecución','2016-07-31 04:04:44','Chocó'),(228,46,'RP.0074','Implementación del Sistema de Información VIVANTO de la Unidad de Administrativa Especial para la Atención y Reparación Integral a las Víctimas (UARIV) - Colombia','contribuir a la consolidación de los sistemas y procesos en la Unidad Administrativa Especial para la Atención y Reparación Integral a las Víctimas (UARIV) para la trazabilidad de la víctima desde su declaración hasta la cesación de su vulnerabilidad, incluyendo enfoque diferencial y sujetos colectivos.','2015-02-01','2016-02-15','Finalizado','2016-07-31 04:04:46','Bogotá D.C.'),(229,46,'CS.0694','Convenio Unidades Móviles ','Contribuir a la promoción de los Derechos y la Protección Integral de niños, niñas y adolescentes (NNA) víctimas del conflicto armado interno y sus familias en el marco del postconflicto y la preparación para la paz','2015-05-22','2016-05-31','En ejecución','2016-07-31 04:04:47','Nacional-Antioquia-Atlántico-Bolivar-Boyacá-Caldas-Caquetá-Cauca-Cesar-Córdoba-Cundinamarca-Chocó-Huila-La Guajira-Magdalena-Meta-Nariño-Norte de Santander-Quindío-Risaralda-Santander-Sucre-Tolima-Val'),(230,41,'DCV 226-012/2014','Ayuda humanitaria para la población afectada por el conflicto armado en la región de Urabá  y Bajo Cauca, Colombia. ','Responder a las necesidades humanitarias de la población vulnerable afectada por el conflicto en Colombia. ','2015-01-15','2016-01-14','Finalizado','2016-07-31 04:05:11','Antioquia-Atlántico-Boyacá-Chocó-Córdoba-Cundinamarca-Magdalena-Nariño'),(231,39,'OSRO/COL/502/EC','Strengthening the Resilience of the Agricultural Sector in Colombia, by implementing a strategy of Agro-climatic Risk Management and its potential application in different territorial levels.','Improve the resilience of rural livelihoods in Colombia through the implementation of institutional and community-based initiatives that aim to protect agriculture production and food security to severe climate shocks.','2015-04-01','2016-09-30','En ejecución','2016-07-31 04:05:19','Chocó'),(232,55,'CC7502','Dándole una oportunidad a la VIDA: Prevención de Suicidios en Niños, Niñas, Adolescentes y jóvenes adultos de la Comunidad indígena Embera (Alto Baudó, Chocó, Colombia)','Atención en salud mental a niños, niñas, jóvenes, adolescentes y adultos que ha hecho intento de suicidio y a familias de personas que han logrado suicidarse','2014-10-01','2016-09-30','En ejecución','2016-07-31 04:05:21','Chocó'),(233,50,'14-CO1-633','Reducir la vulnerabilidad de las personas afectadas por el conflicto armado y asegurar la participación, empoderamiento, no discriminación y generación de alianzas, involucrando a las comunidades y a ','','2015-01-01','2018-12-31','En ejecución','2016-07-31 04:05:23','Cauca-Nariño-Valle del Cauca'),(234,43,'COF2AH','WASH and Protection Humanitarian Response to People Affected by Armed Conflict in Nariño, Colombia ','This proposal is designed and responds to the humanitarian needs identified in a complex and protracted crisis such as in Nariño. The humanitarian context combines high levels of suffering among population (confined, IDPs) both because of threats against their lives and physical integrity of people, and the increased lack of basic services (public health and, especially water, sanitation and hygiene ? WASH).','2015-04-01','2016-03-31','En ejecución','2016-07-31 04:05:27','Nariño'),(235,43,'COF7AB','Humanitarian assistance for vulnerable populations affected by the internal conflict and the armed violence in the departments of Cordoba, Putumayo and Nariño, Colombia.','This proposal is designed and responds to the humanitarian needs identified in a complex and protracted crisis such as in Nariño, Cordoba and Putumayo.Water, Sanitation and Hygiene (WASH) Improved access to safe water, to sanitation facilities and improved hygiene practices in men, women, children affected by conflict in the departments of Putumayo, Cordoba and Nariño.Nutrition and health.Reduced Anaemia prevalence and treatment of identified GAM cases in children and pregnant and lactating moth','2015-04-01','2016-03-31','En ejecución','2016-07-31 04:05:29','Córdoba-Nariño-Putumayo'),(236,44,'4619-27','ASISTENCIA HUMANITARIA A LAS POBLACIONES VULNERABLES AFECTADAS POR EL CONFLICTO EN LAS ZONAS RURALES DEL CHOCÓ','Esta acción se dirige a 21 comunidades afrocolombianas e indígenas de las zonas rurales del Medio Atrato y Bojayá, que se enfrentan a las consecuencias humanitarias de los conflictos armados y los desastres naturales frecuentes. La acción se centra en proporcionar acceso a agua potable y mejores prácticas de higiene, asistencia para la seguridad alimentaria y los medios de subsistencia, y medidas de reducción del riesgo de desastres.','2015-03-01','2016-03-31','En ejecución','2016-07-31 04:05:32','Chocó'),(237,56,'HI-2015-7','Reforzamiento de los servicios de reabilitación en colombia','Reforzar los centros de rehabilitación física rurales y las capacidades de los estudiantes de áreas afines','2014-01-01','2017-12-31','En ejecución','2016-07-31 04:05:35','Cauca-Nariño'),(238,57,'842377','Mejormiento sostenible de la situacion alimentario y de agua potable','Fortalecimiento de la sociedad civil local para el requerimiento de los derechos humanos, para la alimentaciòn y el acceso a la tierra y agua, producciòn agroecologica, fortalecimiento de las iniciativas de comercializaciòn','2015-01-01','2016-01-01','Finalizado','2016-07-31 04:05:40','Norte de Santander'),(239,58,'COFE1501','Education in Colombia','Professional Development and Capacity Building; Basic Youth Education and Training; Participation in Advocacy and Policy Initiatives','2015-01-01','2016-01-01','Finalizado','2016-07-31 04:05:44','Magdalena-Norte de Santander'),(240,58,'COFL1501','Improve access to registration, immediate Humanitarian Assistance and HLP rights for displaced persons. ','Procedures for IDP Registration; Housing, Land and Property','2015-01-01','2016-01-01','Finalizado','2016-07-31 04:05:48','Cauca-Magdalena-Nariño-Norte de Santander'),(241,58,'COFE1504','Education in Emergency - SIDA','Facilitate access to protective learning environments to recently displaced children ','2015-01-15','2016-01-15','Finalizado','2016-07-31 04:05:53','Cauca-Nariño-Norte de Santander'),(242,58,'COFY1502','Response to Gender Based Violence in Colombia','Prevent and respond to Gender Based Vilonce in communities affected by forced displacement','2015-05-01','2016-03-01','Finalizado','2016-07-31 04:06:02','Norte de Santander-Nariño-Magdalena-Cauca'),(243,58,'COFE1505','Protection and Humanitarias Assistances IDPs to Colombia','Conflict-affected children promptly access education in protective spaces','2015-06-01','2016-06-01','En ejecución','2016-07-31 04:06:08','Cauca-Nariño-Norte de Santander'),(244,58,'COFL1511','Protection and Humanitarian Assistance to IDPs in Colombia','Persons recently affected by displacement access registration and humanitarian assistance in accordance with internal law','2015-06-01','2016-06-01','En ejecución','2016-07-31 04:06:13','Cauca-Nariño'),(245,58,'COFL1505','BPRM Colombia','Information, Counselling and Legal Assistance / Provide relevant information on IDPs entitlement to registration and humanitarian assistance / Provide or facilitate access to child friendly educational facilities (in coordination with authorities in the field)','2015-09-29','2017-09-29','En ejecución','2016-07-31 04:06:16','Arauca-Cauca-Chocó-Nariño-Norte de Santander-Putumayo'),(246,59,'15-UF-CEF-020','Protección Integral de los niños afectados por el conflicto armado,  específicamente por el reclutamiento y MAP / MUSE / AEI','La iniciativa busca: fortalecer el conocimiento y practicas de seguridad en comunidades que viven en constante riesgo por artefactos explosivos, soportar a las familias con ayuda psicológica. La intervención busca contribuir con la protección de la vida de los niños y adolescentes de estas zonas para que generen proyectos de vida lejos de la violencia.    ','2015-04-01','2016-01-01','Finalizado','2016-07-31 04:06:25','Arauca-Putumayo'),(247,60,'72781 - 2015','Desarrollo Económico incluyente','Fortalecidas las capacidades locales para el diseño y puesta en marcha de una política de inclusión productiva de grupos poblacionales vulnerables. Estrategias de empleo y desarrollo empresarial diseñadas. Capacidades fortalecidas para el desarrollo de Mercados Inclusivos.','2015-02-01','2016-01-01','Finalizado','2016-07-31 04:06:31','Antioquia'),(248,61,'COLCU 9 - 2015','Actividades de fortalecimiento con las comunidades retornadas','Actividades de fortalecimeinto comunitario','2015-02-01','2016-01-01','Finalizado','2016-07-31 04:06:36','Norte de Santander'),(249,49,'ECHO/-SM/BUD/2015/91026','Salud íntegral para las poblaciones víctimas del conflicto armado en los departamentos de Nariño y de Guaviare.','Servicios móviles de salud.                        *Brindar apoyo psicológico en situación de crisis.                                                                        *Fortalecimiento comunitario                               *formación  a líderes y lideresas comunitarios en la estrategia de entornos saludable.           *Formación en primeros auxilios  médicos y psicológicos .                                        *Acompañamiento a las víctimas del conflicto, al acceso de los servicios d','2015-04-01','2016-03-31','En ejecución','2016-07-31 04:06:43','Guaviare-Nariño'),(250,62,'TUMACO-05','Derecho a la vida y integridad física','La población de las comunidades Nuevo milenio, Familias en Acción y La Ciudadela de Tumaco se beneficia de un mayor respeto a los DD de vida e integridad.','2015-01-01','2016-02-01','Finalizado','2016-07-31 04:06:47','Nariño'),(251,63,'TUMACO-06','Derecho a la salud','Mejorar el acceso de la población de Nuevo Milenio, Familias en Acción y la Ciudadela en Tumaco  a un servicio de salud de mejor calidad y con enfoque diferencial','2015-01-01','2016-01-01','Finalizado','2016-07-31 04:06:51','Nariño'),(252,61,'TUMACO-07','Entornos protectores para jovenes','Servicio comunitario, derechos, memoria cultural e identidad. Jóvenes dinamizadores de procesos.','2014-01-01','2028-04-01','En ejecución','2016-07-31 04:06:53','Nariño'),(253,64,'TUMACO-09','Construcción de paz','Ayuda Humanitaria','2015-01-01','2020-01-01','En ejecución','2016-07-31 04:06:55','Nariño'),(254,65,'OXFAM-TUMACO-10','Mejoramiento de acueductos comutarios x gravedad y pozo profundo. Promocioj de la higiene. Fortalecimiento organzizativos y acceso a medios de vida.','Mejoramiento de acueductos comutarios x gravedad y pozo profundo. Promocioj de la higiene. Fortalecimiento organzizativos y acceso a medios de vida.','2015-04-01','2017-04-01','En ejecución','2016-07-31 04:06:58','Nariño'),(255,66,'TUMACO-12','Acceso a la Atención Integral en Salud Mental y Violencia Sexual , de la Población Victima de Conflicto Armado','Incrementar y Fortalecer el Acceso a la Atención Integral en Salud Mental y Violencia Sexual , de la Población Victima de Conflicto Armado y otras Situaciones de Violencia en el municipio de Tumaco y Dar Respuesta a Emergencias Médico Humanitarias en el Departamento.','2014-01-01','2017-01-01','En ejecución','2016-07-31 04:07:01','Nariño'),(256,53,'82601186','Apoyo a la salud escolar en el suroccidente de Colombia','Mejorar las condiciones de saneamiento básico y las prácticas de higiene y nutrición en siete instituciones educativos. Realizar incidencia a nivel municipal, departamental y nacional sobre el tema de nutrición.','2015-09-15','2018-03-15','En ejecución','2016-07-31 04:07:03','Cauca-Nariño'),(257,67,'COCA-01','Niñas, niños y adolescentes de Cauca y Putumayo Construyendo la paz en Colombia','Contribuir en la construcción de paz, con la participación política efectiva de la niñez indígena, afrodescendiente y campesina (Resolución 1325), con énfasis en su protección frente a la violencia sexual (Resolución 1820), con enfoque intercultural y de género. ','2014-03-01','2016-03-01','Finalizado','2016-07-31 04:07:08','Putumayo'),(258,67,'COCA-03','Fomentando el liderazgo de las Víctimas para Prevenir la Violencia Sexual','Crear una red de mujeres víctimas de  violencia sexual y los profesionales que apoyan y acompañan en cinco regiones del país ( Putumayo , Nariño , Bolívar, Cesar y, Meta) para la prevención de la violencia sexual , tanto en el conflicto como en el post- conflicto.','2015-04-01','2016-04-01','En ejecución','2016-07-31 04:07:11','Putumayo'),(259,45,'COLC38','Manejo integral del recurso hídrico, medios de vida y preservación del ambiente en territorio indígena Awá para fortalecer su resiliencia','Infraestructura sanitaria amigable con el medio ambiente diseñada conforme a enfoques diferenciales de género, etnia y niñezFortalecimiento de capacidades de autoprotección, participación y organización comunitaria, empoderando especialmente el rol de la mujer indígena. Entornos saludablesProgramas de mujer y familiaGuardia IndígenaSistemas de aguaSistemas de medios de vida sostenibles y adaptables al cambio climático considerando los  enfoques de género y etnia.Manejo de residuos sólidos y prot','2015-04-01','2019-04-01','En ejecución','2016-07-31 04:07:13','Nariño'),(260,37,'K-COL-2013-4190','Medios de vida para la Estabilización de las Familias en Situación de Desplazamiento, Confinamiento o Altamente Vulnerables Debido a Afectaciones del Conflicto Armado y/o desastres de Origen natural e','','2014-12-18','2016-06-18','En ejecución','2016-07-31 04:07:15','Bogotá D.C.-Cundinamarca-Meta'),(261,37,'K-COL-2014-4122','Prevención y protección de NNAJ frente al reclutamiento, vínculación y utilización por parte de actores armados, y fortalecimientos y medios de vida en comunidades de Córdoba y Valle del Cauca','','2014-12-01','2016-11-30','En ejecución','2016-07-31 04:07:19','Córdoba-Valle del Cauca'),(262,39,'UTF/COL/058/COL','Desarrollo de Modelos Pedagógicos para la Producción de Alimentos de Autoconsumo como estrategia para el Fortalecimiento de Capacidades en los Centros Educativos de Soacha y una Obtención de Alimentos','Concientizar la comunidad educativa de Soacha, en la importancia de la producción de alimentos sanos e inocuos y su incorporación en la dieta, como estrategia de prevención frente a enfermedades generadas por una mala alimentación.','2014-12-09','2016-03-31','En ejecución','2016-07-31 04:07:25','Cundinamarca'),(263,39,'OSRO/COL/503/EC','Rapid recovery of food security of vulnerable communities affected by the conflict and extreme climatic events, and Strengthening institutional capacities, as a mechanism for the contruction of peace ','Rehabilitate the production of food for own consumption and strengthen the technical capacities at community and institutional levels, as a strategy to strengthen social cohesion and generate resilience in areas that are affected both by conflict and recurrent extreme natural disasters.','2015-08-01','2016-07-31','En ejecución','2016-07-31 04:07:28','Nariño-Putumayo'),(264,54,'PNUD201521','FOMENTO DEL DESARROLLO SOCIO - ECONÓMICO  Y APOYO A LA CONSTRUCCIÓN DE LA PAZ EN ZONAS RURALES DE ARAUCA Y HUILA','Recuperación y fortalecimiento económico, físico y social de sus medios de vida de forma sostenible, tanto a nivel individual como colectivo,  Fortalecimiento de la cooperación entre la sociedad civil y las autoridades locales  mediante su reconocimiento como sujetos de derechos y deberes, y participando de la configuración de los planes de desarrollo comunitario y local en colaboración con las autoridades locales, Reforzar instrumentos de garantía de los derechos humanos y participación ciudada','2014-04-01','2016-04-01','En ejecución','2016-07-31 04:07:32','Arauca-Huila'),(265,68,'PNUD201522','Apoyo económico','Empleabilidad en periodo de emergencia ','2015-01-01','2016-01-01','Finalizado','2016-07-31 04:07:35','Valle del Cauca-Nariño-Cauca-Caquetá'),(266,50,'7F-04979.06','Mejora de los mecanismos de protección, acceso a derechos y cobertura de necesidades básicas en comunidades afrocolombianas, indígenas y mestizas afectadas por el conflicto en los Departamentos de Nar','La propuesta del proyecto se enmarca en una estrategia integral enfocada en la atención a la poblacion víctima del conflicto armado, que tiene como objeto la mejora de sus condiciones de vida y el acceso a sus derechos reconocidos por la normatividad jurídica colombiana, en la cual se abordarán acciones que cubran las necesidades primarias de la población meta (seguridad alimentaria / medios de vida, agua potable, saneamiento básico, etc.) insertándolas en el acceso a derechos a través del invol','2014-09-15','2017-02-15','En ejecución','2016-07-31 04:07:40','Cauca-Nariño-Valle del Cauca'),(267,58,'COFE1303','Vive la Educación','Apoyo a población de niños, niñas y jovenes desplazados desescolarisados a acceder servicios educativos','2013-03-01','2018-03-01','En ejecución','2016-07-31 04:07:45','Cauca-Nariño'),(268,53,'12400020','Protecting children education in southwest Colombia','Children and young people in the Departments of Nariño and Cauca have their right to access a relevant, quality education guaranteed','2013-03-27','2018-03-27','En ejecución','2016-07-31 04:07:47','Timbiquí-Sucre-Mercaderes-López-Florencia-El Tambo-Bolívar-Balboa-Argelia-Tumaco-Santa Bárbara-Roberto Payán-Olaya Herrera-Mosquera-MagÜi-La Tola-Francisco Pizarro-El Charco-Barbacoas');
/*!40000 ALTER TABLE `proyecto` ENABLE KEYS */;
UNLOCK TABLES;
/*!40103 SET TIME_ZONE=@OLD_TIME_ZONE */;

/*!40101 SET SQL_MODE=@OLD_SQL_MODE */;
/*!40014 SET FOREIGN_KEY_CHECKS=@OLD_FOREIGN_KEY_CHECKS */;
/*!40014 SET UNIQUE_CHECKS=@OLD_UNIQUE_CHECKS */;
/*!40101 SET CHARACTER_SET_CLIENT=@OLD_CHARACTER_SET_CLIENT */;
/*!40101 SET CHARACTER_SET_RESULTS=@OLD_CHARACTER_SET_RESULTS */;
/*!40101 SET COLLATION_CONNECTION=@OLD_COLLATION_CONNECTION */;
/*!40111 SET SQL_NOTES=@OLD_SQL_NOTES */;

-- Dump completed on 2016-07-31 21:19:00
